<?xml version="1.0"?>
<gpx xmlns="http://www.topografix.com/GPX/1/1" xmlns:xsi="http://www.w3.org/2001/XMLSchema-instance" version="1.1" creator="AllTrails.com" xsi:schemaLocation="http://www.topografix.com/GPX/1/1 http://www.topografix.com/GPX/1/1/gpx.xsd">
  <metadata>
    <name><![CDATA[1. Custom route — Tour du Mont Blanc, Etape 1: Bellevue - Les Contamines (variante)]]></name>
    <desc><![CDATA[]]></desc>
    <link href="http://www.alltrails.com">
      <text>AllTrails, LLC</text>
    </link>
    <bounds minlat="45.82057" minlon="6.72986" maxlat="45.87393" maxlon="6.78759"/>
  </metadata>
  <trk>
    <name><![CDATA[1. Custom route — Tour du Mont Blanc, Etape 1: Bellevue - Les Contamines (variante)]]></name>
    <src>AllTrails</src>
    <trkseg>
      <trkpt lat="45.87393" lon="6.77918">
        <ele>1790.96</ele>
      </trkpt>
      <trkpt lat="45.87381" lon="6.77911">
        <ele>1794.08</ele>
      </trkpt>
      <trkpt lat="45.87378" lon="6.7791">
        <ele>1794.8</ele>
      </trkpt>
      <trkpt lat="45.87375" lon="6.77903">
        <ele>1795.5</ele>
      </trkpt>
      <trkpt lat="45.87365" lon="6.77892">
        <ele>1797.38</ele>
      </trkpt>
      <trkpt lat="45.87361" lon="6.77891">
        <ele>1798.07</ele>
      </trkpt>
      <trkpt lat="45.87341" lon="6.77873">
        <ele>1795.4</ele>
      </trkpt>
      <trkpt lat="45.87331" lon="6.77866">
        <ele>1794.5</ele>
      </trkpt>
      <trkpt lat="45.8733" lon="6.77864">
        <ele>1794.29</ele>
      </trkpt>
      <trkpt lat="45.87319" lon="6.77822">
        <ele>1789.25</ele>
      </trkpt>
      <trkpt lat="45.87307" lon="6.77811">
        <ele>1786.92</ele>
      </trkpt>
      <trkpt lat="45.87303" lon="6.7781">
        <ele>1786.38</ele>
      </trkpt>
      <trkpt lat="45.87302" lon="6.77808">
        <ele>1785.98</ele>
      </trkpt>
      <trkpt lat="45.87305" lon="6.77788">
        <ele>1783.39</ele>
      </trkpt>
      <trkpt lat="45.87304" lon="6.77784">
        <ele>1782.64</ele>
      </trkpt>
      <trkpt lat="45.87301" lon="6.77779">
        <ele>1781.37</ele>
      </trkpt>
      <trkpt lat="45.87286" lon="6.7777">
        <ele>1777.13</ele>
      </trkpt>
      <trkpt lat="45.87274" lon="6.77769">
        <ele>1774.02</ele>
      </trkpt>
      <trkpt lat="45.8726" lon="6.77763">
        <ele>1768.69</ele>
      </trkpt>
      <trkpt lat="45.87254" lon="6.77762">
        <ele>1766.74</ele>
      </trkpt>
      <trkpt lat="45.87245" lon="6.77759">
        <ele>1763.27</ele>
      </trkpt>
      <trkpt lat="45.87239" lon="6.7775">
        <ele>1759.44</ele>
      </trkpt>
      <trkpt lat="45.87235" lon="6.77755">
        <ele>1759.12</ele>
      </trkpt>
      <trkpt lat="45.87226" lon="6.77782">
        <ele>1760.71</ele>
      </trkpt>
      <trkpt lat="45.87216" lon="6.77805">
        <ele>1757.6</ele>
      </trkpt>
      <trkpt lat="45.87197" lon="6.77859">
        <ele>1754.28</ele>
      </trkpt>
      <trkpt lat="45.87188" lon="6.7792">
        <ele>1755.97</ele>
      </trkpt>
      <trkpt lat="45.87178" lon="6.77967">
        <ele>1752.08</ele>
      </trkpt>
      <trkpt lat="45.87167" lon="6.78027">
        <ele>1751.1</ele>
      </trkpt>
      <trkpt lat="45.87165" lon="6.78035">
        <ele>1751.6</ele>
      </trkpt>
      <trkpt lat="45.87155" lon="6.78049">
        <ele>1750.1</ele>
      </trkpt>
      <trkpt lat="45.87138" lon="6.78087">
        <ele>1751.18</ele>
      </trkpt>
      <trkpt lat="45.8713" lon="6.78101">
        <ele>1753.62</ele>
      </trkpt>
      <trkpt lat="45.871" lon="6.78166">
        <ele>1743.38</ele>
      </trkpt>
      <trkpt lat="45.87099" lon="6.78181">
        <ele>1749.54</ele>
      </trkpt>
      <trkpt lat="45.87098" lon="6.78185">
        <ele>1750.6</ele>
      </trkpt>
      <trkpt lat="45.87096" lon="6.78189">
        <ele>1750.76</ele>
      </trkpt>
      <trkpt lat="45.87094" lon="6.7819">
        <ele>1749.46</ele>
      </trkpt>
      <trkpt lat="45.87082" lon="6.7819">
        <ele>1739.22</ele>
      </trkpt>
      <trkpt lat="45.87078" lon="6.78191">
        <ele>1737.56</ele>
      </trkpt>
      <trkpt lat="45.87071" lon="6.782">
        <ele>1737.61</ele>
      </trkpt>
      <trkpt lat="45.87046" lon="6.78209">
        <ele>1726.79</ele>
      </trkpt>
      <trkpt lat="45.87038" lon="6.78219">
        <ele>1727.8</ele>
      </trkpt>
      <trkpt lat="45.87033" lon="6.78223">
        <ele>1728.36</ele>
      </trkpt>
      <trkpt lat="45.87019" lon="6.78227">
        <ele>1728.83</ele>
      </trkpt>
      <trkpt lat="45.87003" lon="6.78237">
        <ele>1732.18</ele>
      </trkpt>
      <trkpt lat="45.86987" lon="6.7825">
        <ele>1731.45</ele>
      </trkpt>
      <trkpt lat="45.86975" lon="6.78258">
        <ele>1730.58</ele>
      </trkpt>
      <trkpt lat="45.8697" lon="6.78266">
        <ele>1732.57</ele>
      </trkpt>
      <trkpt lat="45.86967" lon="6.78272">
        <ele>1733.79</ele>
      </trkpt>
      <trkpt lat="45.86951" lon="6.78299">
        <ele>1729.32</ele>
      </trkpt>
      <trkpt lat="45.86948" lon="6.78303">
        <ele>1728.91</ele>
      </trkpt>
      <trkpt lat="45.86946" lon="6.78307">
        <ele>1729.69</ele>
      </trkpt>
      <trkpt lat="45.86944" lon="6.78319">
        <ele>1735.93</ele>
      </trkpt>
      <trkpt lat="45.86946" lon="6.78338">
        <ele>1748.7</ele>
      </trkpt>
      <trkpt lat="45.86945" lon="6.78342">
        <ele>1750.12</ele>
      </trkpt>
      <trkpt lat="45.86944" lon="6.78343">
        <ele>1749.86</ele>
      </trkpt>
      <trkpt lat="45.86934" lon="6.78345">
        <ele>1742.97</ele>
      </trkpt>
      <trkpt lat="45.86929" lon="6.78348">
        <ele>1740.72</ele>
      </trkpt>
      <trkpt lat="45.86928" lon="6.7835">
        <ele>1741.09</ele>
      </trkpt>
      <trkpt lat="45.86928" lon="6.78354">
        <ele>1743.42</ele>
      </trkpt>
      <trkpt lat="45.86928" lon="6.78363">
        <ele>1749.51</ele>
      </trkpt>
      <trkpt lat="45.86927" lon="6.78367">
        <ele>1752.94</ele>
      </trkpt>
      <trkpt lat="45.86922" lon="6.78374">
        <ele>1757.36</ele>
      </trkpt>
      <trkpt lat="45.8692" lon="6.78377">
        <ele>1759.64</ele>
      </trkpt>
      <trkpt lat="45.86913" lon="6.78381">
        <ele>1760.51</ele>
      </trkpt>
      <trkpt lat="45.86909" lon="6.78382">
        <ele>1759.33</ele>
      </trkpt>
      <trkpt lat="45.869" lon="6.78382">
        <ele>1754.06</ele>
      </trkpt>
      <trkpt lat="45.86895" lon="6.78384">
        <ele>1753.11</ele>
      </trkpt>
      <trkpt lat="45.8689" lon="6.78388">
        <ele>1753.88</ele>
      </trkpt>
      <trkpt lat="45.86882" lon="6.78396">
        <ele>1754.43</ele>
      </trkpt>
      <trkpt lat="45.86875" lon="6.78407">
        <ele>1758.65</ele>
      </trkpt>
      <trkpt lat="45.86861" lon="6.78439">
        <ele>1768.39</ele>
      </trkpt>
      <trkpt lat="45.86858" lon="6.78442">
        <ele>1768.12</ele>
      </trkpt>
      <trkpt lat="45.86845" lon="6.78445">
        <ele>1762.66</ele>
      </trkpt>
      <trkpt lat="45.86838" lon="6.7845">
        <ele>1762.25</ele>
      </trkpt>
      <trkpt lat="45.86826" lon="6.78462">
        <ele>1763.71</ele>
      </trkpt>
      <trkpt lat="45.86811" lon="6.78465">
        <ele>1756.81</ele>
      </trkpt>
      <trkpt lat="45.86803" lon="6.78471">
        <ele>1756.43</ele>
      </trkpt>
      <trkpt lat="45.86801" lon="6.78475">
        <ele>1758.24</ele>
      </trkpt>
      <trkpt lat="45.86799" lon="6.7848">
        <ele>1760.7</ele>
      </trkpt>
      <trkpt lat="45.86793" lon="6.78507">
        <ele>1775.19</ele>
      </trkpt>
      <trkpt lat="45.8679" lon="6.7851">
        <ele>1775.88</ele>
      </trkpt>
      <trkpt lat="45.86787" lon="6.7851">
        <ele>1774.94</ele>
      </trkpt>
      <trkpt lat="45.86784" lon="6.78508">
        <ele>1772.95</ele>
      </trkpt>
      <trkpt lat="45.86779" lon="6.78502">
        <ele>1768.37</ele>
      </trkpt>
      <trkpt lat="45.86771" lon="6.78498">
        <ele>1763.04</ele>
      </trkpt>
      <trkpt lat="45.86766" lon="6.78498">
        <ele>1761.07</ele>
      </trkpt>
      <trkpt lat="45.86756" lon="6.78503">
        <ele>1760.57</ele>
      </trkpt>
      <trkpt lat="45.86752" lon="6.78508">
        <ele>1762.96</ele>
      </trkpt>
      <trkpt lat="45.86737" lon="6.7852">
        <ele>1768.3</ele>
      </trkpt>
      <trkpt lat="45.86731" lon="6.78522">
        <ele>1768.35</ele>
      </trkpt>
      <trkpt lat="45.86722" lon="6.78522">
        <ele>1765.96</ele>
      </trkpt>
      <trkpt lat="45.86715" lon="6.78519">
        <ele>1761.99</ele>
      </trkpt>
      <trkpt lat="45.86704" lon="6.78518">
        <ele>1759.15</ele>
      </trkpt>
      <trkpt lat="45.86679" lon="6.78529">
        <ele>1761.62</ele>
      </trkpt>
      <trkpt lat="45.86674" lon="6.78526">
        <ele>1759.17</ele>
      </trkpt>
      <trkpt lat="45.86668" lon="6.78526">
        <ele>1758.35</ele>
      </trkpt>
      <trkpt lat="45.86656" lon="6.78528">
        <ele>1759.54</ele>
      </trkpt>
      <trkpt lat="45.86639" lon="6.78527">
        <ele>1759.63</ele>
      </trkpt>
      <trkpt lat="45.86639" lon="6.78527">
        <ele>1759.63</ele>
      </trkpt>
      <trkpt lat="45.86624" lon="6.78525">
        <ele>1756.13</ele>
      </trkpt>
      <trkpt lat="45.86606" lon="6.78525">
        <ele>1754.12</ele>
      </trkpt>
      <trkpt lat="45.86606" lon="6.78525">
        <ele>1754.12</ele>
      </trkpt>
      <trkpt lat="45.86594" lon="6.78526">
        <ele>1755.21</ele>
      </trkpt>
      <trkpt lat="45.86584" lon="6.78519">
        <ele>1751.01</ele>
      </trkpt>
      <trkpt lat="45.86579" lon="6.78517">
        <ele>1747.5</ele>
      </trkpt>
      <trkpt lat="45.86576" lon="6.78519">
        <ele>1747.27</ele>
      </trkpt>
      <trkpt lat="45.86574" lon="6.78522">
        <ele>1748.09</ele>
      </trkpt>
      <trkpt lat="45.86573" lon="6.78528">
        <ele>1751.11</ele>
      </trkpt>
      <trkpt lat="45.86572" lon="6.78541">
        <ele>1754.02</ele>
      </trkpt>
      <trkpt lat="45.86572" lon="6.78566">
        <ele>1761.15</ele>
      </trkpt>
      <trkpt lat="45.86567" lon="6.78592">
        <ele>1766.04</ele>
      </trkpt>
      <trkpt lat="45.86554" lon="6.7862">
        <ele>1765.04</ele>
      </trkpt>
      <trkpt lat="45.86549" lon="6.78632">
        <ele>1766.18</ele>
      </trkpt>
      <trkpt lat="45.86546" lon="6.78633">
        <ele>1765.97</ele>
      </trkpt>
      <trkpt lat="45.86539" lon="6.78638">
        <ele>1766.05</ele>
      </trkpt>
      <trkpt lat="45.86525" lon="6.78654">
        <ele>1768.21</ele>
      </trkpt>
      <trkpt lat="45.86522" lon="6.78666">
        <ele>1770.65</ele>
      </trkpt>
      <trkpt lat="45.86522" lon="6.78686">
        <ele>1774.27</ele>
      </trkpt>
      <trkpt lat="45.8652" lon="6.78698">
        <ele>1776.36</ele>
      </trkpt>
      <trkpt lat="45.86513" lon="6.78722">
        <ele>1780.43</ele>
      </trkpt>
      <trkpt lat="45.86508" lon="6.78733">
        <ele>1782.18</ele>
      </trkpt>
      <trkpt lat="45.86498" lon="6.78749">
        <ele>1783.57</ele>
      </trkpt>
      <trkpt lat="45.86496" lon="6.78757">
        <ele>1783.39</ele>
      </trkpt>
      <trkpt lat="45.86495" lon="6.78759">
        <ele>1783.22</ele>
      </trkpt>
      <trkpt lat="45.86492" lon="6.78759">
        <ele>1782.75</ele>
      </trkpt>
      <trkpt lat="45.86492" lon="6.78759">
        <ele>1782.75</ele>
      </trkpt>
      <trkpt lat="45.86483" lon="6.78753">
        <ele>1781.49</ele>
      </trkpt>
      <trkpt lat="45.86481" lon="6.78751">
        <ele>1781.24</ele>
      </trkpt>
      <trkpt lat="45.86478" lon="6.78744">
        <ele>1780.31</ele>
      </trkpt>
      <trkpt lat="45.86476" lon="6.78743">
        <ele>1779.97</ele>
      </trkpt>
      <trkpt lat="45.86472" lon="6.78738">
        <ele>1779.12</ele>
      </trkpt>
      <trkpt lat="45.8646" lon="6.78726">
        <ele>1777.45</ele>
      </trkpt>
      <trkpt lat="45.86453" lon="6.78716">
        <ele>1775.82</ele>
      </trkpt>
      <trkpt lat="45.86449" lon="6.78714">
        <ele>1775.49</ele>
      </trkpt>
      <trkpt lat="45.86448" lon="6.78711">
        <ele>1775.19</ele>
      </trkpt>
      <trkpt lat="45.86444" lon="6.78706">
        <ele>1774.86</ele>
      </trkpt>
      <trkpt lat="45.86434" lon="6.78703">
        <ele>1775.25</ele>
      </trkpt>
      <trkpt lat="45.8643" lon="6.78701">
        <ele>1775.39</ele>
      </trkpt>
      <trkpt lat="45.86427" lon="6.78697">
        <ele>1775.38</ele>
      </trkpt>
      <trkpt lat="45.86423" lon="6.78695">
        <ele>1775.57</ele>
      </trkpt>
      <trkpt lat="45.8642" lon="6.7869">
        <ele>1775.46</ele>
      </trkpt>
      <trkpt lat="45.86414" lon="6.78685">
        <ele>1775.22</ele>
      </trkpt>
      <trkpt lat="45.86413" lon="6.78671">
        <ele>1773.98</ele>
      </trkpt>
      <trkpt lat="45.86412" lon="6.78668">
        <ele>1773.62</ele>
      </trkpt>
      <trkpt lat="45.86407" lon="6.78666">
        <ele>1772.89</ele>
      </trkpt>
      <trkpt lat="45.86401" lon="6.78653">
        <ele>1770.77</ele>
      </trkpt>
      <trkpt lat="45.86398" lon="6.78648">
        <ele>1769.74</ele>
      </trkpt>
      <trkpt lat="45.86395" lon="6.78646">
        <ele>1769.01</ele>
      </trkpt>
      <trkpt lat="45.86393" lon="6.78644">
        <ele>1768.42</ele>
      </trkpt>
      <trkpt lat="45.86393" lon="6.78641">
        <ele>1768.02</ele>
      </trkpt>
      <trkpt lat="45.86386" lon="6.78639">
        <ele>1766.5</ele>
      </trkpt>
      <trkpt lat="45.86384" lon="6.78633">
        <ele>1766.22</ele>
      </trkpt>
      <trkpt lat="45.86384" lon="6.78626">
        <ele>1766.34</ele>
      </trkpt>
      <trkpt lat="45.86383" lon="6.78626">
        <ele>1766.11</ele>
      </trkpt>
      <trkpt lat="45.8638" lon="6.78626">
        <ele>1765.42</ele>
      </trkpt>
      <trkpt lat="45.8638" lon="6.78625">
        <ele>1765.42</ele>
      </trkpt>
      <trkpt lat="45.86382" lon="6.7862">
        <ele>1765.93</ele>
      </trkpt>
      <trkpt lat="45.86379" lon="6.78617">
        <ele>1765.17</ele>
      </trkpt>
      <trkpt lat="45.86379" lon="6.78615">
        <ele>1765.16</ele>
      </trkpt>
      <trkpt lat="45.86385" lon="6.78605">
        <ele>1765.75</ele>
      </trkpt>
      <trkpt lat="45.86385" lon="6.78603">
        <ele>1765.38</ele>
      </trkpt>
      <trkpt lat="45.86383" lon="6.78602">
        <ele>1764.59</ele>
      </trkpt>
      <trkpt lat="45.86376" lon="6.78603">
        <ele>1762.69</ele>
      </trkpt>
      <trkpt lat="45.86377" lon="6.78602">
        <ele>1762.8</ele>
      </trkpt>
      <trkpt lat="45.86381" lon="6.78595">
        <ele>1762.66</ele>
      </trkpt>
      <trkpt lat="45.86387" lon="6.78581">
        <ele>1761.96</ele>
      </trkpt>
      <trkpt lat="45.86391" lon="6.78563">
        <ele>1759.21</ele>
      </trkpt>
      <trkpt lat="45.86392" lon="6.78557">
        <ele>1758.04</ele>
      </trkpt>
      <trkpt lat="45.86391" lon="6.78552">
        <ele>1757.19</ele>
      </trkpt>
      <trkpt lat="45.86389" lon="6.7854">
        <ele>1755.19</ele>
      </trkpt>
      <trkpt lat="45.86389" lon="6.78525">
        <ele>1752.18</ele>
      </trkpt>
      <trkpt lat="45.86388" lon="6.78522">
        <ele>1751.11</ele>
      </trkpt>
      <trkpt lat="45.86386" lon="6.78519">
        <ele>1749.8</ele>
      </trkpt>
      <trkpt lat="45.8637" lon="6.78506">
        <ele>1743.95</ele>
      </trkpt>
      <trkpt lat="45.86368" lon="6.78502">
        <ele>1743.05</ele>
      </trkpt>
      <trkpt lat="45.86364" lon="6.785">
        <ele>1742.31</ele>
      </trkpt>
      <trkpt lat="45.86358" lon="6.78491">
        <ele>1739.68</ele>
      </trkpt>
      <trkpt lat="45.86357" lon="6.78488">
        <ele>1738.9</ele>
      </trkpt>
      <trkpt lat="45.86357" lon="6.78486">
        <ele>1738.46</ele>
      </trkpt>
      <trkpt lat="45.86357" lon="6.78483">
        <ele>1737.79</ele>
      </trkpt>
      <trkpt lat="45.8636" lon="6.78481">
        <ele>1737.75</ele>
      </trkpt>
      <trkpt lat="45.86362" lon="6.78478">
        <ele>1737.37</ele>
      </trkpt>
      <trkpt lat="45.86365" lon="6.78469">
        <ele>1735.78</ele>
      </trkpt>
      <trkpt lat="45.86366" lon="6.78455">
        <ele>1732.58</ele>
      </trkpt>
      <trkpt lat="45.86366" lon="6.78448">
        <ele>1730.91</ele>
      </trkpt>
      <trkpt lat="45.86366" lon="6.78439">
        <ele>1729.24</ele>
      </trkpt>
      <trkpt lat="45.86366" lon="6.78431">
        <ele>1728.03</ele>
      </trkpt>
      <trkpt lat="45.86362" lon="6.78419">
        <ele>1725.5</ele>
      </trkpt>
      <trkpt lat="45.8636" lon="6.78412">
        <ele>1724.54</ele>
      </trkpt>
      <trkpt lat="45.86356" lon="6.78409">
        <ele>1723.85</ele>
      </trkpt>
      <trkpt lat="45.86354" lon="6.78403">
        <ele>1723.12</ele>
      </trkpt>
      <trkpt lat="45.86353" lon="6.78391">
        <ele>1722.01</ele>
      </trkpt>
      <trkpt lat="45.86356" lon="6.78379">
        <ele>1721.71</ele>
      </trkpt>
      <trkpt lat="45.86357" lon="6.78375">
        <ele>1721.69</ele>
      </trkpt>
      <trkpt lat="45.86353" lon="6.78356">
        <ele>1718.72</ele>
      </trkpt>
      <trkpt lat="45.86349" lon="6.78351">
        <ele>1716.56</ele>
      </trkpt>
      <trkpt lat="45.86346" lon="6.78348">
        <ele>1715.14</ele>
      </trkpt>
      <trkpt lat="45.86338" lon="6.78348">
        <ele>1713.26</ele>
      </trkpt>
      <trkpt lat="45.86334" lon="6.7835">
        <ele>1712.76</ele>
      </trkpt>
      <trkpt lat="45.86329" lon="6.78349">
        <ele>1711.54</ele>
      </trkpt>
      <trkpt lat="45.86319" lon="6.78352">
        <ele>1710.28</ele>
      </trkpt>
      <trkpt lat="45.86312" lon="6.78345">
        <ele>1707.23</ele>
      </trkpt>
      <trkpt lat="45.86304" lon="6.78342">
        <ele>1705.15</ele>
      </trkpt>
      <trkpt lat="45.86297" lon="6.78339">
        <ele>1704.3</ele>
      </trkpt>
      <trkpt lat="45.86293" lon="6.7834">
        <ele>1704.46</ele>
      </trkpt>
      <trkpt lat="45.86293" lon="6.78337">
        <ele>1703.8</ele>
      </trkpt>
      <trkpt lat="45.86296" lon="6.7832">
        <ele>1696.31</ele>
      </trkpt>
      <trkpt lat="45.86295" lon="6.78317">
        <ele>1694.93</ele>
      </trkpt>
      <trkpt lat="45.86274" lon="6.78295">
        <ele>1691.67</ele>
      </trkpt>
      <trkpt lat="45.86266" lon="6.7829">
        <ele>1693.37</ele>
      </trkpt>
      <trkpt lat="45.86264" lon="6.7829">
        <ele>1694.1</ele>
      </trkpt>
      <trkpt lat="45.86262" lon="6.78298">
        <ele>1696.52</ele>
      </trkpt>
      <trkpt lat="45.86257" lon="6.78304">
        <ele>1699.42</ele>
      </trkpt>
      <trkpt lat="45.86254" lon="6.78305">
        <ele>1700.6</ele>
      </trkpt>
      <trkpt lat="45.8625" lon="6.78302">
        <ele>1701.36</ele>
      </trkpt>
      <trkpt lat="45.86248" lon="6.78302">
        <ele>1702.56</ele>
      </trkpt>
      <trkpt lat="45.8624" lon="6.78303">
        <ele>1707.56</ele>
      </trkpt>
      <trkpt lat="45.86235" lon="6.78307">
        <ele>1711.49</ele>
      </trkpt>
      <trkpt lat="45.86229" lon="6.78304">
        <ele>1714.44</ele>
      </trkpt>
      <trkpt lat="45.86227" lon="6.78302">
        <ele>1715.12</ele>
      </trkpt>
      <trkpt lat="45.86226" lon="6.783">
        <ele>1715.17</ele>
      </trkpt>
      <trkpt lat="45.86227" lon="6.78291">
        <ele>1712.15</ele>
      </trkpt>
      <trkpt lat="45.86224" lon="6.78286">
        <ele>1712.42</ele>
      </trkpt>
      <trkpt lat="45.86222" lon="6.78285">
        <ele>1713.22</ele>
      </trkpt>
      <trkpt lat="45.86212" lon="6.78286">
        <ele>1719.86</ele>
      </trkpt>
      <trkpt lat="45.86206" lon="6.7829">
        <ele>1724.14</ele>
      </trkpt>
      <trkpt lat="45.86204" lon="6.783">
        <ele>1726.32</ele>
      </trkpt>
      <trkpt lat="45.862" lon="6.78304">
        <ele>1728.51</ele>
      </trkpt>
      <trkpt lat="45.86198" lon="6.78304">
        <ele>1729.41</ele>
      </trkpt>
      <trkpt lat="45.86192" lon="6.78299">
        <ele>1732.28</ele>
      </trkpt>
      <trkpt lat="45.86188" lon="6.783">
        <ele>1734.39</ele>
      </trkpt>
      <trkpt lat="45.86185" lon="6.78302">
        <ele>1736.01</ele>
      </trkpt>
      <trkpt lat="45.8618" lon="6.7831">
        <ele>1739.18</ele>
      </trkpt>
      <trkpt lat="45.86177" lon="6.78311">
        <ele>1740.78</ele>
      </trkpt>
      <trkpt lat="45.86175" lon="6.78314">
        <ele>1741.96</ele>
      </trkpt>
      <trkpt lat="45.86171" lon="6.78314">
        <ele>1743.9</ele>
      </trkpt>
      <trkpt lat="45.8617" lon="6.78311">
        <ele>1744.32</ele>
      </trkpt>
      <trkpt lat="45.86168" lon="6.78297">
        <ele>1744.69</ele>
      </trkpt>
      <trkpt lat="45.86166" lon="6.78297">
        <ele>1745.82</ele>
      </trkpt>
      <trkpt lat="45.86162" lon="6.78302">
        <ele>1748.48</ele>
      </trkpt>
      <trkpt lat="45.86163" lon="6.78294">
        <ele>1747.7</ele>
      </trkpt>
      <trkpt lat="45.86167" lon="6.78282">
        <ele>1744.14</ele>
      </trkpt>
      <trkpt lat="45.86167" lon="6.78274">
        <ele>1744.38</ele>
      </trkpt>
      <trkpt lat="45.86166" lon="6.78272">
        <ele>1745.42</ele>
      </trkpt>
      <trkpt lat="45.86166" lon="6.78274">
        <ele>1745.13</ele>
      </trkpt>
      <trkpt lat="45.86165" lon="6.78276">
        <ele>1745.74</ele>
      </trkpt>
      <trkpt lat="45.86164" lon="6.78277">
        <ele>1746.5</ele>
      </trkpt>
      <trkpt lat="45.86163" lon="6.78275">
        <ele>1747.66</ele>
      </trkpt>
      <trkpt lat="45.86161" lon="6.78271">
        <ele>1749.93</ele>
      </trkpt>
      <trkpt lat="45.86159" lon="6.78273">
        <ele>1751.45</ele>
      </trkpt>
      <trkpt lat="45.86156" lon="6.78266">
        <ele>1754.81</ele>
      </trkpt>
      <trkpt lat="45.8615" lon="6.78237">
        <ele>1760.17</ele>
      </trkpt>
      <trkpt lat="45.86149" lon="6.78235">
        <ele>1760.67</ele>
      </trkpt>
      <trkpt lat="45.86145" lon="6.78233">
        <ele>1763.04</ele>
      </trkpt>
      <trkpt lat="45.86144" lon="6.78228">
        <ele>1763.01</ele>
      </trkpt>
      <trkpt lat="45.86143" lon="6.7822">
        <ele>1762.64</ele>
      </trkpt>
      <trkpt lat="45.86141" lon="6.78209">
        <ele>1763.2</ele>
      </trkpt>
      <trkpt lat="45.86137" lon="6.78199">
        <ele>1765.17</ele>
      </trkpt>
      <trkpt lat="45.86134" lon="6.78195">
        <ele>1766.5</ele>
      </trkpt>
      <trkpt lat="45.86133" lon="6.7819">
        <ele>1766.43</ele>
      </trkpt>
      <trkpt lat="45.8613" lon="6.78189">
        <ele>1767.88</ele>
      </trkpt>
      <trkpt lat="45.86121" lon="6.7816">
        <ele>1772.47</ele>
      </trkpt>
      <trkpt lat="45.86098" lon="6.7815">
        <ele>1785.7</ele>
      </trkpt>
      <trkpt lat="45.86089" lon="6.7815">
        <ele>1789.2</ele>
      </trkpt>
      <trkpt lat="45.86084" lon="6.78148">
        <ele>1791.08</ele>
      </trkpt>
      <trkpt lat="45.8608" lon="6.78149">
        <ele>1793.33</ele>
      </trkpt>
      <trkpt lat="45.86074" lon="6.78146">
        <ele>1796.72</ele>
      </trkpt>
      <trkpt lat="45.86069" lon="6.7814">
        <ele>1799.32</ele>
      </trkpt>
      <trkpt lat="45.86058" lon="6.78135">
        <ele>1805.63</ele>
      </trkpt>
      <trkpt lat="45.86057" lon="6.78132">
        <ele>1806.21</ele>
      </trkpt>
      <trkpt lat="45.86055" lon="6.78126">
        <ele>1807.3</ele>
      </trkpt>
      <trkpt lat="45.86053" lon="6.7812">
        <ele>1808.54</ele>
      </trkpt>
      <trkpt lat="45.86048" lon="6.78117">
        <ele>1811.76</ele>
      </trkpt>
      <trkpt lat="45.86048" lon="6.78114">
        <ele>1811.97</ele>
      </trkpt>
      <trkpt lat="45.86053" lon="6.78097">
        <ele>1810.77</ele>
      </trkpt>
      <trkpt lat="45.86052" lon="6.78092">
        <ele>1811.9</ele>
      </trkpt>
      <trkpt lat="45.86048" lon="6.78084">
        <ele>1814.13</ele>
      </trkpt>
      <trkpt lat="45.86035" lon="6.78076">
        <ele>1818.72</ele>
      </trkpt>
      <trkpt lat="45.86017" lon="6.78076">
        <ele>1823.92</ele>
      </trkpt>
      <trkpt lat="45.86015" lon="6.78077">
        <ele>1824.49</ele>
      </trkpt>
      <trkpt lat="45.86011" lon="6.78075">
        <ele>1825.85</ele>
      </trkpt>
      <trkpt lat="45.8601" lon="6.78071">
        <ele>1826.36</ele>
      </trkpt>
      <trkpt lat="45.86011" lon="6.78064">
        <ele>1826.41</ele>
      </trkpt>
      <trkpt lat="45.86011" lon="6.7806">
        <ele>1826.61</ele>
      </trkpt>
      <trkpt lat="45.86009" lon="6.78057">
        <ele>1827.34</ele>
      </trkpt>
      <trkpt lat="45.86007" lon="6.78057">
        <ele>1827.92</ele>
      </trkpt>
      <trkpt lat="45.86003" lon="6.78051">
        <ele>1829.37</ele>
      </trkpt>
      <trkpt lat="45.85998" lon="6.78048">
        <ele>1830.95</ele>
      </trkpt>
      <trkpt lat="45.85995" lon="6.78043">
        <ele>1832.09</ele>
      </trkpt>
      <trkpt lat="45.8599" lon="6.78038">
        <ele>1833.78</ele>
      </trkpt>
      <trkpt lat="45.85987" lon="6.78036">
        <ele>1834.73</ele>
      </trkpt>
      <trkpt lat="45.85983" lon="6.78035">
        <ele>1835.95</ele>
      </trkpt>
      <trkpt lat="45.85976" lon="6.78028">
        <ele>1837.92</ele>
      </trkpt>
      <trkpt lat="45.85969" lon="6.78025">
        <ele>1839.67</ele>
      </trkpt>
      <trkpt lat="45.8596" lon="6.78019">
        <ele>1841.36</ele>
      </trkpt>
      <trkpt lat="45.85954" lon="6.78014">
        <ele>1842.29</ele>
      </trkpt>
      <trkpt lat="45.85949" lon="6.78003">
        <ele>1842.52</ele>
      </trkpt>
      <trkpt lat="45.85945" lon="6.78001">
        <ele>1842.99</ele>
      </trkpt>
      <trkpt lat="45.85941" lon="6.78003">
        <ele>1843.69</ele>
      </trkpt>
      <trkpt lat="45.8593" lon="6.78">
        <ele>1845.08</ele>
      </trkpt>
      <trkpt lat="45.85923" lon="6.78">
        <ele>1846.09</ele>
      </trkpt>
      <trkpt lat="45.85921" lon="6.77999">
        <ele>1846.67</ele>
      </trkpt>
      <trkpt lat="45.85918" lon="6.77993">
        <ele>1849.02</ele>
      </trkpt>
      <trkpt lat="45.85915" lon="6.77992">
        <ele>1849.59</ele>
      </trkpt>
      <trkpt lat="45.85914" lon="6.7799">
        <ele>1850.19</ele>
      </trkpt>
      <trkpt lat="45.85914" lon="6.7798">
        <ele>1853.19</ele>
      </trkpt>
      <trkpt lat="45.85913" lon="6.77975">
        <ele>1854.53</ele>
      </trkpt>
      <trkpt lat="45.8591" lon="6.77973">
        <ele>1854.6</ele>
      </trkpt>
      <trkpt lat="45.85907" lon="6.7797">
        <ele>1854.47</ele>
      </trkpt>
      <trkpt lat="45.85905" lon="6.7797">
        <ele>1854.11</ele>
      </trkpt>
      <trkpt lat="45.85902" lon="6.77968">
        <ele>1853.74</ele>
      </trkpt>
      <trkpt lat="45.85899" lon="6.77967">
        <ele>1853.26</ele>
      </trkpt>
      <trkpt lat="45.85895" lon="6.7796">
        <ele>1853.08</ele>
      </trkpt>
      <trkpt lat="45.85891" lon="6.7796">
        <ele>1852.29</ele>
      </trkpt>
      <trkpt lat="45.85888" lon="6.77955">
        <ele>1852.18</ele>
      </trkpt>
      <trkpt lat="45.85883" lon="6.77951">
        <ele>1852.22</ele>
      </trkpt>
      <trkpt lat="45.8588" lon="6.77952">
        <ele>1851.96</ele>
      </trkpt>
      <trkpt lat="45.85878" lon="6.7795">
        <ele>1852.05</ele>
      </trkpt>
      <trkpt lat="45.85879" lon="6.77946">
        <ele>1852.49</ele>
      </trkpt>
      <trkpt lat="45.85878" lon="6.77941">
        <ele>1853.7</ele>
      </trkpt>
      <trkpt lat="45.85876" lon="6.77936">
        <ele>1855.25</ele>
      </trkpt>
      <trkpt lat="45.85878" lon="6.77927">
        <ele>1858.12</ele>
      </trkpt>
      <trkpt lat="45.85876" lon="6.77922">
        <ele>1859.75</ele>
      </trkpt>
      <trkpt lat="45.85872" lon="6.77917">
        <ele>1861.5</ele>
      </trkpt>
      <trkpt lat="45.85868" lon="6.77917">
        <ele>1861.64</ele>
      </trkpt>
      <trkpt lat="45.85865" lon="6.77914">
        <ele>1863.68</ele>
      </trkpt>
      <trkpt lat="45.85861" lon="6.77913">
        <ele>1864.55</ele>
      </trkpt>
      <trkpt lat="45.85857" lon="6.77909">
        <ele>1868.56</ele>
      </trkpt>
      <trkpt lat="45.85857" lon="6.77906">
        <ele>1870.55</ele>
      </trkpt>
      <trkpt lat="45.85854" lon="6.77904">
        <ele>1872.76</ele>
      </trkpt>
      <trkpt lat="45.85851" lon="6.77903">
        <ele>1874.27</ele>
      </trkpt>
      <trkpt lat="45.85847" lon="6.77896">
        <ele>1879.7</ele>
      </trkpt>
      <trkpt lat="45.85847" lon="6.77894">
        <ele>1880.93</ele>
      </trkpt>
      <trkpt lat="45.85845" lon="6.77892">
        <ele>1882.61</ele>
      </trkpt>
      <trkpt lat="45.85844" lon="6.77884">
        <ele>1886.23</ele>
      </trkpt>
      <trkpt lat="45.8584" lon="6.77881">
        <ele>1887.74</ele>
      </trkpt>
      <trkpt lat="45.85839" lon="6.77878">
        <ele>1888.69</ele>
      </trkpt>
      <trkpt lat="45.8584" lon="6.77874">
        <ele>1889.68</ele>
      </trkpt>
      <trkpt lat="45.85838" lon="6.77869">
        <ele>1891.13</ele>
      </trkpt>
      <trkpt lat="45.85833" lon="6.77868">
        <ele>1891.42</ele>
      </trkpt>
      <trkpt lat="45.85834" lon="6.77864">
        <ele>1892.38</ele>
      </trkpt>
      <trkpt lat="45.85832" lon="6.77863">
        <ele>1892.25</ele>
      </trkpt>
      <trkpt lat="45.85832" lon="6.77859">
        <ele>1893.19</ele>
      </trkpt>
      <trkpt lat="45.8583" lon="6.77857">
        <ele>1893.18</ele>
      </trkpt>
      <trkpt lat="45.85826" lon="6.77855">
        <ele>1892.63</ele>
      </trkpt>
      <trkpt lat="45.85825" lon="6.77851">
        <ele>1893.34</ele>
      </trkpt>
      <trkpt lat="45.85822" lon="6.77845">
        <ele>1893.97</ele>
      </trkpt>
      <trkpt lat="45.8582" lon="6.77843">
        <ele>1893.89</ele>
      </trkpt>
      <trkpt lat="45.85819" lon="6.77841">
        <ele>1894.08</ele>
      </trkpt>
      <trkpt lat="45.85815" lon="6.77839">
        <ele>1893.43</ele>
      </trkpt>
      <trkpt lat="45.8581" lon="6.77834">
        <ele>1893.13</ele>
      </trkpt>
      <trkpt lat="45.85798" lon="6.77834">
        <ele>1891.58</ele>
      </trkpt>
      <trkpt lat="45.85797" lon="6.77831">
        <ele>1892.05</ele>
      </trkpt>
      <trkpt lat="45.8579" lon="6.77831">
        <ele>1891.82</ele>
      </trkpt>
      <trkpt lat="45.85788" lon="6.77831">
        <ele>1891.76</ele>
      </trkpt>
      <trkpt lat="45.85788" lon="6.77828">
        <ele>1892.26</ele>
      </trkpt>
      <trkpt lat="45.85784" lon="6.77828">
        <ele>1892.14</ele>
      </trkpt>
      <trkpt lat="45.85782" lon="6.77825">
        <ele>1892.61</ele>
      </trkpt>
      <trkpt lat="45.8578" lon="6.77825">
        <ele>1892.56</ele>
      </trkpt>
      <trkpt lat="45.85777" lon="6.77822">
        <ele>1893.09</ele>
      </trkpt>
      <trkpt lat="45.85773" lon="6.77822">
        <ele>1893.35</ele>
      </trkpt>
      <trkpt lat="45.85771" lon="6.77818">
        <ele>1894.27</ele>
      </trkpt>
      <trkpt lat="45.85771" lon="6.77815">
        <ele>1894.87</ele>
      </trkpt>
      <trkpt lat="45.85769" lon="6.77812">
        <ele>1895.64</ele>
      </trkpt>
      <trkpt lat="45.85768" lon="6.77806">
        <ele>1896.96</ele>
      </trkpt>
      <trkpt lat="45.85765" lon="6.77802">
        <ele>1898.39</ele>
      </trkpt>
      <trkpt lat="45.85766" lon="6.7779">
        <ele>1901.67</ele>
      </trkpt>
      <trkpt lat="45.85767" lon="6.7778">
        <ele>1904.32</ele>
      </trkpt>
      <trkpt lat="45.85763" lon="6.77778">
        <ele>1905.6</ele>
      </trkpt>
      <trkpt lat="45.85761" lon="6.77775">
        <ele>1907.0</ele>
      </trkpt>
      <trkpt lat="45.85756" lon="6.77758">
        <ele>1912.98</ele>
      </trkpt>
      <trkpt lat="45.85757" lon="6.77753">
        <ele>1914.56</ele>
      </trkpt>
      <trkpt lat="45.85754" lon="6.77751">
        <ele>1915.0</ele>
      </trkpt>
      <trkpt lat="45.85751" lon="6.77741">
        <ele>1917.37</ele>
      </trkpt>
      <trkpt lat="45.85749" lon="6.77741">
        <ele>1917.46</ele>
      </trkpt>
      <trkpt lat="45.85745" lon="6.77738">
        <ele>1918.95</ele>
      </trkpt>
      <trkpt lat="45.8574" lon="6.77738">
        <ele>1919.87</ele>
      </trkpt>
      <trkpt lat="45.85738" lon="6.77735">
        <ele>1920.91</ele>
      </trkpt>
      <trkpt lat="45.85737" lon="6.77731">
        <ele>1921.96</ele>
      </trkpt>
      <trkpt lat="45.85734" lon="6.7773">
        <ele>1922.67</ele>
      </trkpt>
      <trkpt lat="45.85733" lon="6.77726">
        <ele>1923.66</ele>
      </trkpt>
      <trkpt lat="45.85721" lon="6.7772">
        <ele>1926.65</ele>
      </trkpt>
      <trkpt lat="45.8572" lon="6.77719">
        <ele>1927.01</ele>
      </trkpt>
      <trkpt lat="45.8572" lon="6.77715">
        <ele>1927.68</ele>
      </trkpt>
      <trkpt lat="45.85716" lon="6.77708">
        <ele>1929.33</ele>
      </trkpt>
      <trkpt lat="45.85715" lon="6.77707">
        <ele>1929.59</ele>
      </trkpt>
      <trkpt lat="45.85712" lon="6.77707">
        <ele>1929.94</ele>
      </trkpt>
      <trkpt lat="45.8571" lon="6.77705">
        <ele>1930.38</ele>
      </trkpt>
      <trkpt lat="45.85708" lon="6.77697">
        <ele>1931.29</ele>
      </trkpt>
      <trkpt lat="45.85705" lon="6.77693">
        <ele>1931.87</ele>
      </trkpt>
      <trkpt lat="45.85704" lon="6.77687">
        <ele>1932.91</ele>
      </trkpt>
      <trkpt lat="45.857" lon="6.77681">
        <ele>1933.93</ele>
      </trkpt>
      <trkpt lat="45.85699" lon="6.77676">
        <ele>1934.71</ele>
      </trkpt>
      <trkpt lat="45.85699" lon="6.77671">
        <ele>1935.49</ele>
      </trkpt>
      <trkpt lat="45.85697" lon="6.77662">
        <ele>1936.12</ele>
      </trkpt>
      <trkpt lat="45.85695" lon="6.77655">
        <ele>1935.71</ele>
      </trkpt>
      <trkpt lat="45.8569" lon="6.77653">
        <ele>1935.18</ele>
      </trkpt>
      <trkpt lat="45.85686" lon="6.77644">
        <ele>1935.34</ele>
      </trkpt>
      <trkpt lat="45.85684" lon="6.77643">
        <ele>1935.45</ele>
      </trkpt>
      <trkpt lat="45.85681" lon="6.77644">
        <ele>1935.44</ele>
      </trkpt>
      <trkpt lat="45.85679" lon="6.77642">
        <ele>1935.73</ele>
      </trkpt>
      <trkpt lat="45.85674" lon="6.77641">
        <ele>1936.1</ele>
      </trkpt>
      <trkpt lat="45.85672" lon="6.77638">
        <ele>1936.66</ele>
      </trkpt>
      <trkpt lat="45.85661" lon="6.77629">
        <ele>1938.88</ele>
      </trkpt>
      <trkpt lat="45.85659" lon="6.77624">
        <ele>1939.99</ele>
      </trkpt>
      <trkpt lat="45.85647" lon="6.77607">
        <ele>1947.52</ele>
      </trkpt>
      <trkpt lat="45.85641" lon="6.77603">
        <ele>1950.16</ele>
      </trkpt>
      <trkpt lat="45.85635" lon="6.77594">
        <ele>1951.34</ele>
      </trkpt>
      <trkpt lat="45.8563" lon="6.77581">
        <ele>1952.28</ele>
      </trkpt>
      <trkpt lat="45.85629" lon="6.77574">
        <ele>1952.9</ele>
      </trkpt>
      <trkpt lat="45.85627" lon="6.77572">
        <ele>1953.69</ele>
      </trkpt>
      <trkpt lat="45.85626" lon="6.77564">
        <ele>1954.34</ele>
      </trkpt>
      <trkpt lat="45.85621" lon="6.77556">
        <ele>1956.42</ele>
      </trkpt>
      <trkpt lat="45.85632" lon="6.7755">
        <ele>1953.23</ele>
      </trkpt>
      <trkpt lat="45.85645" lon="6.77545">
        <ele>1953.94</ele>
      </trkpt>
      <trkpt lat="45.85651" lon="6.77541">
        <ele>1957.04</ele>
      </trkpt>
      <trkpt lat="45.85655" lon="6.77542">
        <ele>1958.2</ele>
      </trkpt>
      <trkpt lat="45.85663" lon="6.77546">
        <ele>1959.59</ele>
      </trkpt>
      <trkpt lat="45.85671" lon="6.77548">
        <ele>1959.84</ele>
      </trkpt>
      <trkpt lat="45.85685" lon="6.77547">
        <ele>1959.73</ele>
      </trkpt>
      <trkpt lat="45.85694" lon="6.77552">
        <ele>1957.42</ele>
      </trkpt>
      <trkpt lat="45.85732" lon="6.77559">
        <ele>1967.59</ele>
      </trkpt>
      <trkpt lat="45.85743" lon="6.77564">
        <ele>1969.96</ele>
      </trkpt>
      <trkpt lat="45.85753" lon="6.77566">
        <ele>1973.19</ele>
      </trkpt>
      <trkpt lat="45.85806" lon="6.77589">
        <ele>1985.75</ele>
      </trkpt>
      <trkpt lat="45.85816" lon="6.77596">
        <ele>1983.43</ele>
      </trkpt>
      <trkpt lat="45.85832" lon="6.776">
        <ele>1983.49</ele>
      </trkpt>
      <trkpt lat="45.85839" lon="6.776">
        <ele>1983.03</ele>
      </trkpt>
      <trkpt lat="45.85848" lon="6.77602">
        <ele>1981.91</ele>
      </trkpt>
      <trkpt lat="45.85867" lon="6.77608">
        <ele>1979.33</ele>
      </trkpt>
      <trkpt lat="45.85871" lon="6.77609">
        <ele>1978.67</ele>
      </trkpt>
      <trkpt lat="45.85872" lon="6.77603">
        <ele>1978.79</ele>
      </trkpt>
      <trkpt lat="45.85872" lon="6.77597">
        <ele>1979.05</ele>
      </trkpt>
      <trkpt lat="45.85867" lon="6.77587">
        <ele>1980.52</ele>
      </trkpt>
      <trkpt lat="45.85864" lon="6.77587">
        <ele>1981.14</ele>
      </trkpt>
      <trkpt lat="45.85859" lon="6.77581">
        <ele>1982.26</ele>
      </trkpt>
      <trkpt lat="45.85854" lon="6.77573">
        <ele>1983.32</ele>
      </trkpt>
      <trkpt lat="45.85849" lon="6.7757">
        <ele>1984.73</ele>
      </trkpt>
      <trkpt lat="45.85846" lon="6.77564">
        <ele>1986.13</ele>
      </trkpt>
      <trkpt lat="45.85834" lon="6.7755">
        <ele>1993.88</ele>
      </trkpt>
      <trkpt lat="45.85823" lon="6.77535">
        <ele>2001.43</ele>
      </trkpt>
      <trkpt lat="45.85797" lon="6.77491">
        <ele>2016.76</ele>
      </trkpt>
      <trkpt lat="45.85774" lon="6.77459">
        <ele>2028.49</ele>
      </trkpt>
      <trkpt lat="45.85751" lon="6.77418">
        <ele>2038.61</ele>
      </trkpt>
      <trkpt lat="45.85747" lon="6.77411">
        <ele>2038.52</ele>
      </trkpt>
      <trkpt lat="45.8574" lon="6.77404">
        <ele>2038.71</ele>
      </trkpt>
      <trkpt lat="45.85737" lon="6.77394">
        <ele>2040.43</ele>
      </trkpt>
      <trkpt lat="45.85715" lon="6.77359">
        <ele>2049.67</ele>
      </trkpt>
      <trkpt lat="45.85709" lon="6.77344">
        <ele>2050.9</ele>
      </trkpt>
      <trkpt lat="45.85703" lon="6.77332">
        <ele>2053.99</ele>
      </trkpt>
      <trkpt lat="45.857" lon="6.77326">
        <ele>2055.56</ele>
      </trkpt>
      <trkpt lat="45.85696" lon="6.77324">
        <ele>2057.81</ele>
      </trkpt>
      <trkpt lat="45.85685" lon="6.77313">
        <ele>2063.43</ele>
      </trkpt>
      <trkpt lat="45.85675" lon="6.7731">
        <ele>2068.22</ele>
      </trkpt>
      <trkpt lat="45.85673" lon="6.77311">
        <ele>2068.89</ele>
      </trkpt>
      <trkpt lat="45.85664" lon="6.77309">
        <ele>2071.69</ele>
      </trkpt>
      <trkpt lat="45.85638" lon="6.77309">
        <ele>2067.6</ele>
      </trkpt>
      <trkpt lat="45.8562" lon="6.77301">
        <ele>2070.89</ele>
      </trkpt>
      <trkpt lat="45.85613" lon="6.77297">
        <ele>2072.34</ele>
      </trkpt>
      <trkpt lat="45.8561" lon="6.77292">
        <ele>2072.83</ele>
      </trkpt>
      <trkpt lat="45.85605" lon="6.77291">
        <ele>2072.34</ele>
      </trkpt>
      <trkpt lat="45.85584" lon="6.77277">
        <ele>2076.15</ele>
      </trkpt>
      <trkpt lat="45.85572" lon="6.77267">
        <ele>2074.84</ele>
      </trkpt>
      <trkpt lat="45.85545" lon="6.7724">
        <ele>2082.12</ele>
      </trkpt>
      <trkpt lat="45.85507" lon="6.77214">
        <ele>2089.78</ele>
      </trkpt>
      <trkpt lat="45.85484" lon="6.77203">
        <ele>2089.52</ele>
      </trkpt>
      <trkpt lat="45.85461" lon="6.77199">
        <ele>2083.0</ele>
      </trkpt>
      <trkpt lat="45.8545" lon="6.77196">
        <ele>2080.95</ele>
      </trkpt>
      <trkpt lat="45.8544" lon="6.7719">
        <ele>2082.0</ele>
      </trkpt>
      <trkpt lat="45.85423" lon="6.77185">
        <ele>2081.04</ele>
      </trkpt>
      <trkpt lat="45.85388" lon="6.7717">
        <ele>2084.42</ele>
      </trkpt>
      <trkpt lat="45.85381" lon="6.77165">
        <ele>2085.45</ele>
      </trkpt>
      <trkpt lat="45.85356" lon="6.77142">
        <ele>2091.07</ele>
      </trkpt>
      <trkpt lat="45.8533" lon="6.77122">
        <ele>2098.76</ele>
      </trkpt>
      <trkpt lat="45.85307" lon="6.77114">
        <ele>2093.94</ele>
      </trkpt>
      <trkpt lat="45.8529" lon="6.77108">
        <ele>2095.36</ele>
      </trkpt>
      <trkpt lat="45.8526" lon="6.77101">
        <ele>2097.82</ele>
      </trkpt>
      <trkpt lat="45.85216" lon="6.77079">
        <ele>2105.08</ele>
      </trkpt>
      <trkpt lat="45.85203" lon="6.77068">
        <ele>2111.29</ele>
      </trkpt>
      <trkpt lat="45.85169" lon="6.77049">
        <ele>2124.16</ele>
      </trkpt>
      <trkpt lat="45.85139" lon="6.77034">
        <ele>2128.65</ele>
      </trkpt>
      <trkpt lat="45.85128" lon="6.77032">
        <ele>2128.7</ele>
      </trkpt>
      <trkpt lat="45.85121" lon="6.7703">
        <ele>2129.31</ele>
      </trkpt>
      <trkpt lat="45.85088" lon="6.77011">
        <ele>2131.74</ele>
      </trkpt>
      <trkpt lat="45.8507" lon="6.77008">
        <ele>2129.91</ele>
      </trkpt>
      <trkpt lat="45.85063" lon="6.77005">
        <ele>2128.98</ele>
      </trkpt>
      <trkpt lat="45.85058" lon="6.77006">
        <ele>2128.4</ele>
      </trkpt>
      <trkpt lat="45.85043" lon="6.76995">
        <ele>2124.37</ele>
      </trkpt>
      <trkpt lat="45.85038" lon="6.76996">
        <ele>2123.31</ele>
      </trkpt>
      <trkpt lat="45.85026" lon="6.77006">
        <ele>2121.87</ele>
      </trkpt>
      <trkpt lat="45.85015" lon="6.77026">
        <ele>2120.55</ele>
      </trkpt>
      <trkpt lat="45.85013" lon="6.77022">
        <ele>2119.15</ele>
      </trkpt>
      <trkpt lat="45.85013" lon="6.77013">
        <ele>2117.48</ele>
      </trkpt>
      <trkpt lat="45.8501" lon="6.77007">
        <ele>2115.08</ele>
      </trkpt>
      <trkpt lat="45.85009" lon="6.77007">
        <ele>2114.65</ele>
      </trkpt>
      <trkpt lat="45.85007" lon="6.7701">
        <ele>2114.43</ele>
      </trkpt>
      <trkpt lat="45.85006" lon="6.77016">
        <ele>2115.34</ele>
      </trkpt>
      <trkpt lat="45.85005" lon="6.77018">
        <ele>2115.41</ele>
      </trkpt>
      <trkpt lat="45.85003" lon="6.7702">
        <ele>2115.13</ele>
      </trkpt>
      <trkpt lat="45.85001" lon="6.77019">
        <ele>2114.16</ele>
      </trkpt>
      <trkpt lat="45.85" lon="6.77014">
        <ele>2112.53</ele>
      </trkpt>
      <trkpt lat="45.84998" lon="6.7701">
        <ele>2110.4</ele>
      </trkpt>
      <trkpt lat="45.84996" lon="6.77003">
        <ele>2107.37</ele>
      </trkpt>
      <trkpt lat="45.84995" lon="6.76998">
        <ele>2105.08</ele>
      </trkpt>
      <trkpt lat="45.84999" lon="6.76994">
        <ele>2105.63</ele>
      </trkpt>
      <trkpt lat="45.84997" lon="6.76988">
        <ele>2101.83</ele>
      </trkpt>
      <trkpt lat="45.84998" lon="6.76984">
        <ele>2100.54</ele>
      </trkpt>
      <trkpt lat="45.85004" lon="6.76976">
        <ele>2100.39</ele>
      </trkpt>
      <trkpt lat="45.85007" lon="6.76962">
        <ele>2099.78</ele>
      </trkpt>
      <trkpt lat="45.8501" lon="6.76951">
        <ele>2101.16</ele>
      </trkpt>
      <trkpt lat="45.85009" lon="6.7695">
        <ele>2100.25</ele>
      </trkpt>
      <trkpt lat="45.85006" lon="6.76948">
        <ele>2097.56</ele>
      </trkpt>
      <trkpt lat="45.85002" lon="6.76951">
        <ele>2094.59</ele>
      </trkpt>
      <trkpt lat="45.84995" lon="6.76957">
        <ele>2091.53</ele>
      </trkpt>
      <trkpt lat="45.84992" lon="6.76956">
        <ele>2089.99</ele>
      </trkpt>
      <trkpt lat="45.8498" lon="6.76964">
        <ele>2086.26</ele>
      </trkpt>
      <trkpt lat="45.84974" lon="6.7697">
        <ele>2085.16</ele>
      </trkpt>
      <trkpt lat="45.84969" lon="6.76972">
        <ele>2083.44</ele>
      </trkpt>
      <trkpt lat="45.84969" lon="6.76966">
        <ele>2081.92</ele>
      </trkpt>
      <trkpt lat="45.84968" lon="6.76959">
        <ele>2079.69</ele>
      </trkpt>
      <trkpt lat="45.84968" lon="6.76955">
        <ele>2078.68</ele>
      </trkpt>
      <trkpt lat="45.84966" lon="6.76945">
        <ele>2075.23</ele>
      </trkpt>
      <trkpt lat="45.84963" lon="6.7694">
        <ele>2073.1</ele>
      </trkpt>
      <trkpt lat="45.84963" lon="6.76934">
        <ele>2072.31</ele>
      </trkpt>
      <trkpt lat="45.84962" lon="6.76933">
        <ele>2071.68</ele>
      </trkpt>
      <trkpt lat="45.84961" lon="6.76935">
        <ele>2071.45</ele>
      </trkpt>
      <trkpt lat="45.84961" lon="6.76938">
        <ele>2071.86</ele>
      </trkpt>
      <trkpt lat="45.84953" lon="6.76943">
        <ele>2068.78</ele>
      </trkpt>
      <trkpt lat="45.84952" lon="6.76945">
        <ele>2068.68</ele>
      </trkpt>
      <trkpt lat="45.84946" lon="6.7695">
        <ele>2067.13</ele>
      </trkpt>
      <trkpt lat="45.84944" lon="6.76955">
        <ele>2067.28</ele>
      </trkpt>
      <trkpt lat="45.84942" lon="6.7695">
        <ele>2064.43</ele>
      </trkpt>
      <trkpt lat="45.84941" lon="6.76944">
        <ele>2062.31</ele>
      </trkpt>
      <trkpt lat="45.84939" lon="6.76939">
        <ele>2059.87</ele>
      </trkpt>
      <trkpt lat="45.84941" lon="6.76934">
        <ele>2060.47</ele>
      </trkpt>
      <trkpt lat="45.84938" lon="6.76923">
        <ele>2056.09</ele>
      </trkpt>
      <trkpt lat="45.84935" lon="6.76923">
        <ele>2053.74</ele>
      </trkpt>
      <trkpt lat="45.84932" lon="6.76927">
        <ele>2052.17</ele>
      </trkpt>
      <trkpt lat="45.84931" lon="6.76926">
        <ele>2051.19</ele>
      </trkpt>
      <trkpt lat="45.8493" lon="6.76924">
        <ele>2050.02</ele>
      </trkpt>
      <trkpt lat="45.84932" lon="6.76918">
        <ele>2050.41</ele>
      </trkpt>
      <trkpt lat="45.84931" lon="6.76917">
        <ele>2049.42</ele>
      </trkpt>
      <trkpt lat="45.84926" lon="6.76919">
        <ele>2045.87</ele>
      </trkpt>
      <trkpt lat="45.84926" lon="6.76916">
        <ele>2045.38</ele>
      </trkpt>
      <trkpt lat="45.84923" lon="6.76917">
        <ele>2043.09</ele>
      </trkpt>
      <trkpt lat="45.84922" lon="6.76913">
        <ele>2041.95</ele>
      </trkpt>
      <trkpt lat="45.84923" lon="6.76906">
        <ele>2042.36</ele>
      </trkpt>
      <trkpt lat="45.84921" lon="6.76905">
        <ele>2040.41</ele>
      </trkpt>
      <trkpt lat="45.84917" lon="6.76909">
        <ele>2037.19</ele>
      </trkpt>
      <trkpt lat="45.84914" lon="6.76918">
        <ele>2036.33</ele>
      </trkpt>
      <trkpt lat="45.84912" lon="6.76918">
        <ele>2034.86</ele>
      </trkpt>
      <trkpt lat="45.84911" lon="6.76916">
        <ele>2033.82</ele>
      </trkpt>
      <trkpt lat="45.84913" lon="6.76913">
        <ele>2034.83</ele>
      </trkpt>
      <trkpt lat="45.84913" lon="6.76911">
        <ele>2034.54</ele>
      </trkpt>
      <trkpt lat="45.84909" lon="6.76911">
        <ele>2031.66</ele>
      </trkpt>
      <trkpt lat="45.84907" lon="6.76914">
        <ele>2030.66</ele>
      </trkpt>
      <trkpt lat="45.84905" lon="6.76912">
        <ele>2028.93</ele>
      </trkpt>
      <trkpt lat="45.84904" lon="6.76909">
        <ele>2027.78</ele>
      </trkpt>
      <trkpt lat="45.84908" lon="6.76897">
        <ele>2028.93</ele>
      </trkpt>
      <trkpt lat="45.84906" lon="6.76895">
        <ele>2027.2</ele>
      </trkpt>
      <trkpt lat="45.84899" lon="6.76896">
        <ele>2022.3</ele>
      </trkpt>
      <trkpt lat="45.84897" lon="6.76898">
        <ele>2021.15</ele>
      </trkpt>
      <trkpt lat="45.8489" lon="6.76916">
        <ele>2018.7</ele>
      </trkpt>
      <trkpt lat="45.84888" lon="6.76915">
        <ele>2017.08</ele>
      </trkpt>
      <trkpt lat="45.84888" lon="6.76908">
        <ele>2016.04</ele>
      </trkpt>
      <trkpt lat="45.84885" lon="6.76891">
        <ele>2010.85</ele>
      </trkpt>
      <trkpt lat="45.84886" lon="6.76882">
        <ele>2010.54</ele>
      </trkpt>
      <trkpt lat="45.84884" lon="6.76881">
        <ele>2008.71</ele>
      </trkpt>
      <trkpt lat="45.84879" lon="6.76887">
        <ele>2004.95</ele>
      </trkpt>
      <trkpt lat="45.84876" lon="6.76888">
        <ele>2002.35</ele>
      </trkpt>
      <trkpt lat="45.84875" lon="6.76878">
        <ele>2000.91</ele>
      </trkpt>
      <trkpt lat="45.84872" lon="6.76876">
        <ele>1998.35</ele>
      </trkpt>
      <trkpt lat="45.84867" lon="6.76885">
        <ele>1994.29</ele>
      </trkpt>
      <trkpt lat="45.84862" lon="6.7689">
        <ele>1990.11</ele>
      </trkpt>
      <trkpt lat="45.8486" lon="6.76891">
        <ele>1989.16</ele>
      </trkpt>
      <trkpt lat="45.84857" lon="6.7687">
        <ele>1987.35</ele>
      </trkpt>
      <trkpt lat="45.84853" lon="6.7687">
        <ele>1985.08</ele>
      </trkpt>
      <trkpt lat="45.84844" lon="6.76878">
        <ele>1980.93</ele>
      </trkpt>
      <trkpt lat="45.8484" lon="6.76876">
        <ele>1978.64</ele>
      </trkpt>
      <trkpt lat="45.84838" lon="6.7687">
        <ele>1976.57</ele>
      </trkpt>
      <trkpt lat="45.84844" lon="6.76845">
        <ele>1981.19</ele>
      </trkpt>
      <trkpt lat="45.84843" lon="6.76836">
        <ele>1982.08</ele>
      </trkpt>
      <trkpt lat="45.8484" lon="6.76835">
        <ele>1981.1</ele>
      </trkpt>
      <trkpt lat="45.84834" lon="6.76839">
        <ele>1977.85</ele>
      </trkpt>
      <trkpt lat="45.84826" lon="6.76848">
        <ele>1973.27</ele>
      </trkpt>
      <trkpt lat="45.84818" lon="6.76853">
        <ele>1970.78</ele>
      </trkpt>
      <trkpt lat="45.84815" lon="6.76851">
        <ele>1970.17</ele>
      </trkpt>
      <trkpt lat="45.84813" lon="6.76844">
        <ele>1969.61</ele>
      </trkpt>
      <trkpt lat="45.84819" lon="6.76819">
        <ele>1975.39</ele>
      </trkpt>
      <trkpt lat="45.84818" lon="6.76808">
        <ele>1977.3</ele>
      </trkpt>
      <trkpt lat="45.84814" lon="6.76808">
        <ele>1975.42</ele>
      </trkpt>
      <trkpt lat="45.84812" lon="6.7681">
        <ele>1974.06</ele>
      </trkpt>
      <trkpt lat="45.8481" lon="6.76813">
        <ele>1972.47</ele>
      </trkpt>
      <trkpt lat="45.84806" lon="6.76816">
        <ele>1969.95</ele>
      </trkpt>
      <trkpt lat="45.84802" lon="6.76818">
        <ele>1966.77</ele>
      </trkpt>
      <trkpt lat="45.84796" lon="6.76822">
        <ele>1961.96</ele>
      </trkpt>
      <trkpt lat="45.84792" lon="6.76823">
        <ele>1959.15</ele>
      </trkpt>
      <trkpt lat="45.8479" lon="6.76827">
        <ele>1957.51</ele>
      </trkpt>
      <trkpt lat="45.84787" lon="6.76829">
        <ele>1955.52</ele>
      </trkpt>
      <trkpt lat="45.84784" lon="6.7683">
        <ele>1953.65</ele>
      </trkpt>
      <trkpt lat="45.84782" lon="6.76834">
        <ele>1952.65</ele>
      </trkpt>
      <trkpt lat="45.84779" lon="6.76835">
        <ele>1951.29</ele>
      </trkpt>
      <trkpt lat="45.84773" lon="6.7684">
        <ele>1951.2</ele>
      </trkpt>
      <trkpt lat="45.84769" lon="6.7684">
        <ele>1950.19</ele>
      </trkpt>
      <trkpt lat="45.84762" lon="6.76843">
        <ele>1949.5</ele>
      </trkpt>
      <trkpt lat="45.84762" lon="6.76839">
        <ele>1948.06</ele>
      </trkpt>
      <trkpt lat="45.84763" lon="6.76836">
        <ele>1947.24</ele>
      </trkpt>
      <trkpt lat="45.84765" lon="6.76826">
        <ele>1945.91</ele>
      </trkpt>
      <trkpt lat="45.84763" lon="6.76824">
        <ele>1945.05</ele>
      </trkpt>
      <trkpt lat="45.84765" lon="6.7682">
        <ele>1945.2</ele>
      </trkpt>
      <trkpt lat="45.84764" lon="6.76816">
        <ele>1944.36</ele>
      </trkpt>
      <trkpt lat="45.84764" lon="6.7681">
        <ele>1943.6</ele>
      </trkpt>
      <trkpt lat="45.84765" lon="6.76802">
        <ele>1942.85</ele>
      </trkpt>
      <trkpt lat="45.84764" lon="6.76795">
        <ele>1941.15</ele>
      </trkpt>
      <trkpt lat="45.84767" lon="6.76786">
        <ele>1940.98</ele>
      </trkpt>
      <trkpt lat="45.84765" lon="6.76784">
        <ele>1939.66</ele>
      </trkpt>
      <trkpt lat="45.84765" lon="6.76778">
        <ele>1938.6</ele>
      </trkpt>
      <trkpt lat="45.84763" lon="6.76773">
        <ele>1936.11</ele>
      </trkpt>
      <trkpt lat="45.84761" lon="6.76768">
        <ele>1933.29</ele>
      </trkpt>
      <trkpt lat="45.84759" lon="6.76759">
        <ele>1928.7</ele>
      </trkpt>
      <trkpt lat="45.84754" lon="6.76754">
        <ele>1922.51</ele>
      </trkpt>
      <trkpt lat="45.84753" lon="6.7675">
        <ele>1919.81</ele>
      </trkpt>
      <trkpt lat="45.84751" lon="6.76746">
        <ele>1918.09</ele>
      </trkpt>
      <trkpt lat="45.8475" lon="6.76733">
        <ele>1917.61</ele>
      </trkpt>
      <trkpt lat="45.84745" lon="6.76728">
        <ele>1913.52</ele>
      </trkpt>
      <trkpt lat="45.84744" lon="6.76725">
        <ele>1912.52</ele>
      </trkpt>
      <trkpt lat="45.84744" lon="6.76724">
        <ele>1912.47</ele>
      </trkpt>
      <trkpt lat="45.84742" lon="6.76726">
        <ele>1910.81</ele>
      </trkpt>
      <trkpt lat="45.84741" lon="6.76727">
        <ele>1910.02</ele>
      </trkpt>
      <trkpt lat="45.8474" lon="6.76734">
        <ele>1909.9</ele>
      </trkpt>
      <trkpt lat="45.84733" lon="6.76742">
        <ele>1906.17</ele>
      </trkpt>
      <trkpt lat="45.8473" lon="6.76748">
        <ele>1905.7</ele>
      </trkpt>
      <trkpt lat="45.84726" lon="6.7675">
        <ele>1904.04</ele>
      </trkpt>
      <trkpt lat="45.84723" lon="6.76756">
        <ele>1903.76</ele>
      </trkpt>
      <trkpt lat="45.84719" lon="6.76757">
        <ele>1902.41</ele>
      </trkpt>
      <trkpt lat="45.84716" lon="6.7676">
        <ele>1902.08</ele>
      </trkpt>
      <trkpt lat="45.84715" lon="6.76758">
        <ele>1901.28</ele>
      </trkpt>
      <trkpt lat="45.84715" lon="6.76737">
        <ele>1894.96</ele>
      </trkpt>
      <trkpt lat="45.84711" lon="6.76733">
        <ele>1892.33</ele>
      </trkpt>
      <trkpt lat="45.8471" lon="6.76726">
        <ele>1889.72</ele>
      </trkpt>
      <trkpt lat="45.84709" lon="6.76725">
        <ele>1889.1</ele>
      </trkpt>
      <trkpt lat="45.84708" lon="6.76717">
        <ele>1886.76</ele>
      </trkpt>
      <trkpt lat="45.847" lon="6.76697">
        <ele>1877.97</ele>
      </trkpt>
      <trkpt lat="45.84696" lon="6.7669">
        <ele>1873.83</ele>
      </trkpt>
      <trkpt lat="45.84694" lon="6.76683">
        <ele>1870.9</ele>
      </trkpt>
      <trkpt lat="45.84691" lon="6.76681">
        <ele>1868.94</ele>
      </trkpt>
      <trkpt lat="45.84689" lon="6.76683">
        <ele>1868.49</ele>
      </trkpt>
      <trkpt lat="45.84689" lon="6.76697">
        <ele>1872.28</ele>
      </trkpt>
      <trkpt lat="45.84687" lon="6.76703">
        <ele>1873.18</ele>
      </trkpt>
      <trkpt lat="45.84682" lon="6.76706">
        <ele>1871.4</ele>
      </trkpt>
      <trkpt lat="45.84675" lon="6.76707">
        <ele>1867.84</ele>
      </trkpt>
      <trkpt lat="45.84669" lon="6.7671">
        <ele>1865.13</ele>
      </trkpt>
      <trkpt lat="45.84668" lon="6.76707">
        <ele>1863.99</ele>
      </trkpt>
      <trkpt lat="45.84666" lon="6.76708">
        <ele>1863.08</ele>
      </trkpt>
      <trkpt lat="45.84663" lon="6.76711">
        <ele>1862.03</ele>
      </trkpt>
      <trkpt lat="45.84661" lon="6.76711">
        <ele>1860.96</ele>
      </trkpt>
      <trkpt lat="45.8466" lon="6.76713">
        <ele>1860.82</ele>
      </trkpt>
      <trkpt lat="45.84657" lon="6.76715">
        <ele>1859.65</ele>
      </trkpt>
      <trkpt lat="45.84654" lon="6.76713">
        <ele>1857.65</ele>
      </trkpt>
      <trkpt lat="45.84652" lon="6.76712">
        <ele>1856.38</ele>
      </trkpt>
      <trkpt lat="45.84654" lon="6.76704">
        <ele>1855.74</ele>
      </trkpt>
      <trkpt lat="45.84653" lon="6.767">
        <ele>1854.32</ele>
      </trkpt>
      <trkpt lat="45.8465" lon="6.76688">
        <ele>1850.24</ele>
      </trkpt>
      <trkpt lat="45.84648" lon="6.76686">
        <ele>1848.84</ele>
      </trkpt>
      <trkpt lat="45.84644" lon="6.76686">
        <ele>1846.75</ele>
      </trkpt>
      <trkpt lat="45.84638" lon="6.76689">
        <ele>1844.21</ele>
      </trkpt>
      <trkpt lat="45.84636" lon="6.76689">
        <ele>1843.77</ele>
      </trkpt>
      <trkpt lat="45.84627" lon="6.76694">
        <ele>1842.38</ele>
      </trkpt>
      <trkpt lat="45.84621" lon="6.76696">
        <ele>1841.56</ele>
      </trkpt>
      <trkpt lat="45.84612" lon="6.76696">
        <ele>1839.64</ele>
      </trkpt>
      <trkpt lat="45.84611" lon="6.76693">
        <ele>1838.77</ele>
      </trkpt>
      <trkpt lat="45.8461" lon="6.76665">
        <ele>1834.35</ele>
      </trkpt>
      <trkpt lat="45.84608" lon="6.76665">
        <ele>1833.5</ele>
      </trkpt>
      <trkpt lat="45.84607" lon="6.76662">
        <ele>1832.79</ele>
      </trkpt>
      <trkpt lat="45.84607" lon="6.76653">
        <ele>1831.97</ele>
      </trkpt>
      <trkpt lat="45.84605" lon="6.76647">
        <ele>1830.7</ele>
      </trkpt>
      <trkpt lat="45.84604" lon="6.76647">
        <ele>1830.35</ele>
      </trkpt>
      <trkpt lat="45.84598" lon="6.76653">
        <ele>1828.56</ele>
      </trkpt>
      <trkpt lat="45.84597" lon="6.76647">
        <ele>1827.86</ele>
      </trkpt>
      <trkpt lat="45.84594" lon="6.76641">
        <ele>1826.54</ele>
      </trkpt>
      <trkpt lat="45.84594" lon="6.76636">
        <ele>1826.07</ele>
      </trkpt>
      <trkpt lat="45.84593" lon="6.76634">
        <ele>1825.44</ele>
      </trkpt>
      <trkpt lat="45.84589" lon="6.76634">
        <ele>1824.0</ele>
      </trkpt>
      <trkpt lat="45.84586" lon="6.76638">
        <ele>1823.69</ele>
      </trkpt>
      <trkpt lat="45.8458" lon="6.76636">
        <ele>1821.04</ele>
      </trkpt>
      <trkpt lat="45.84576" lon="6.76633">
        <ele>1818.77</ele>
      </trkpt>
      <trkpt lat="45.84575" lon="6.76629">
        <ele>1817.46</ele>
      </trkpt>
      <trkpt lat="45.84572" lon="6.76628">
        <ele>1816.0</ele>
      </trkpt>
      <trkpt lat="45.84571" lon="6.76624">
        <ele>1814.66</ele>
      </trkpt>
      <trkpt lat="45.84564" lon="6.7662">
        <ele>1810.79</ele>
      </trkpt>
      <trkpt lat="45.84561" lon="6.76619">
        <ele>1809.28</ele>
      </trkpt>
      <trkpt lat="45.84559" lon="6.76616">
        <ele>1807.7</ele>
      </trkpt>
      <trkpt lat="45.84557" lon="6.76616">
        <ele>1806.85</ele>
      </trkpt>
      <trkpt lat="45.84555" lon="6.76612">
        <ele>1804.93</ele>
      </trkpt>
      <trkpt lat="45.84553" lon="6.76612">
        <ele>1803.86</ele>
      </trkpt>
      <trkpt lat="45.8455" lon="6.7661">
        <ele>1801.78</ele>
      </trkpt>
      <trkpt lat="45.84547" lon="6.76611">
        <ele>1800.36</ele>
      </trkpt>
      <trkpt lat="45.84542" lon="6.76604">
        <ele>1796.03</ele>
      </trkpt>
      <trkpt lat="45.84532" lon="6.76596">
        <ele>1788.18</ele>
      </trkpt>
      <trkpt lat="45.8453" lon="6.76595">
        <ele>1786.7</ele>
      </trkpt>
      <trkpt lat="45.84528" lon="6.76597">
        <ele>1786.07</ele>
      </trkpt>
      <trkpt lat="45.84525" lon="6.76596">
        <ele>1784.49</ele>
      </trkpt>
      <trkpt lat="45.84524" lon="6.76592">
        <ele>1782.91</ele>
      </trkpt>
      <trkpt lat="45.84525" lon="6.76588">
        <ele>1782.16</ele>
      </trkpt>
      <trkpt lat="45.84524" lon="6.76576">
        <ele>1778.66</ele>
      </trkpt>
      <trkpt lat="45.84522" lon="6.76576">
        <ele>1777.88</ele>
      </trkpt>
      <trkpt lat="45.84517" lon="6.76578">
        <ele>1776.3</ele>
      </trkpt>
      <trkpt lat="45.84516" lon="6.76574">
        <ele>1775.13</ele>
      </trkpt>
      <trkpt lat="45.84513" lon="6.76574">
        <ele>1773.98</ele>
      </trkpt>
      <trkpt lat="45.84511" lon="6.76572">
        <ele>1772.88</ele>
      </trkpt>
      <trkpt lat="45.84512" lon="6.76563">
        <ele>1771.72</ele>
      </trkpt>
      <trkpt lat="45.84512" lon="6.76561">
        <ele>1771.38</ele>
      </trkpt>
      <trkpt lat="45.8451" lon="6.76559">
        <ele>1770.43</ele>
      </trkpt>
      <trkpt lat="45.84508" lon="6.76563">
        <ele>1770.42</ele>
      </trkpt>
      <trkpt lat="45.84505" lon="6.76562">
        <ele>1769.3</ele>
      </trkpt>
      <trkpt lat="45.84505" lon="6.76559">
        <ele>1768.9</ele>
      </trkpt>
      <trkpt lat="45.84502" lon="6.76551">
        <ele>1767.18</ele>
      </trkpt>
      <trkpt lat="45.84499" lon="6.7655">
        <ele>1766.15</ele>
      </trkpt>
      <trkpt lat="45.84498" lon="6.76549">
        <ele>1765.63</ele>
      </trkpt>
      <trkpt lat="45.84498" lon="6.76546">
        <ele>1765.4</ele>
      </trkpt>
      <trkpt lat="45.84496" lon="6.76541">
        <ele>1764.07</ele>
      </trkpt>
      <trkpt lat="45.84496" lon="6.76535">
        <ele>1763.58</ele>
      </trkpt>
      <trkpt lat="45.84487" lon="6.76517">
        <ele>1757.72</ele>
      </trkpt>
      <trkpt lat="45.84485" lon="6.76508">
        <ele>1755.9</ele>
      </trkpt>
      <trkpt lat="45.84479" lon="6.76505">
        <ele>1751.94</ele>
      </trkpt>
      <trkpt lat="45.84476" lon="6.76505">
        <ele>1750.07</ele>
      </trkpt>
      <trkpt lat="45.84472" lon="6.76499">
        <ele>1747.13</ele>
      </trkpt>
      <trkpt lat="45.84464" lon="6.76495">
        <ele>1745.7</ele>
      </trkpt>
      <trkpt lat="45.84456" lon="6.76486">
        <ele>1743.66</ele>
      </trkpt>
      <trkpt lat="45.84449" lon="6.76486">
        <ele>1741.13</ele>
      </trkpt>
      <trkpt lat="45.84445" lon="6.76487">
        <ele>1739.79</ele>
      </trkpt>
      <trkpt lat="45.84438" lon="6.76482">
        <ele>1736.3</ele>
      </trkpt>
      <trkpt lat="45.84434" lon="6.76477">
        <ele>1733.64</ele>
      </trkpt>
      <trkpt lat="45.84428" lon="6.76478">
        <ele>1731.07</ele>
      </trkpt>
      <trkpt lat="45.84423" lon="6.76469">
        <ele>1727.82</ele>
      </trkpt>
      <trkpt lat="45.84417" lon="6.76468">
        <ele>1724.93</ele>
      </trkpt>
      <trkpt lat="45.84417" lon="6.76465">
        <ele>1725.47</ele>
      </trkpt>
      <trkpt lat="45.84415" lon="6.76463">
        <ele>1724.94</ele>
      </trkpt>
      <trkpt lat="45.84412" lon="6.76463">
        <ele>1723.64</ele>
      </trkpt>
      <trkpt lat="45.8441" lon="6.76461">
        <ele>1723.09</ele>
      </trkpt>
      <trkpt lat="45.84406" lon="6.76461">
        <ele>1721.33</ele>
      </trkpt>
      <trkpt lat="45.84403" lon="6.76457">
        <ele>1720.52</ele>
      </trkpt>
      <trkpt lat="45.84401" lon="6.76458">
        <ele>1719.49</ele>
      </trkpt>
      <trkpt lat="45.84398" lon="6.76457">
        <ele>1718.24</ele>
      </trkpt>
      <trkpt lat="45.84398" lon="6.76459">
        <ele>1718.03</ele>
      </trkpt>
      <trkpt lat="45.84398" lon="6.7646">
        <ele>1717.92</ele>
      </trkpt>
      <trkpt lat="45.84395" lon="6.76458">
        <ele>1716.78</ele>
      </trkpt>
      <trkpt lat="45.84394" lon="6.76458">
        <ele>1716.33</ele>
      </trkpt>
      <trkpt lat="45.84396" lon="6.76465">
        <ele>1716.54</ele>
      </trkpt>
      <trkpt lat="45.84397" lon="6.76468">
        <ele>1716.65</ele>
      </trkpt>
      <trkpt lat="45.84396" lon="6.76471">
        <ele>1715.94</ele>
      </trkpt>
      <trkpt lat="45.84395" lon="6.76473">
        <ele>1715.52</ele>
      </trkpt>
      <trkpt lat="45.84393" lon="6.76473">
        <ele>1714.71</ele>
      </trkpt>
      <trkpt lat="45.84389" lon="6.76472">
        <ele>1713.06</ele>
      </trkpt>
      <trkpt lat="45.8438" lon="6.76472">
        <ele>1708.55</ele>
      </trkpt>
      <trkpt lat="45.84378" lon="6.76475">
        <ele>1707.87</ele>
      </trkpt>
      <trkpt lat="45.84374" lon="6.7647">
        <ele>1705.83</ele>
      </trkpt>
      <trkpt lat="45.84371" lon="6.76465">
        <ele>1705.17</ele>
      </trkpt>
      <trkpt lat="45.84368" lon="6.76463">
        <ele>1704.13</ele>
      </trkpt>
      <trkpt lat="45.84365" lon="6.76457">
        <ele>1703.94</ele>
      </trkpt>
      <trkpt lat="45.84362" lon="6.76454">
        <ele>1703.3</ele>
      </trkpt>
      <trkpt lat="45.8436" lon="6.76447">
        <ele>1704.26</ele>
      </trkpt>
      <trkpt lat="45.84353" lon="6.76444">
        <ele>1703.51</ele>
      </trkpt>
      <trkpt lat="45.84347" lon="6.76433">
        <ele>1701.2</ele>
      </trkpt>
      <trkpt lat="45.84345" lon="6.76433">
        <ele>1700.67</ele>
      </trkpt>
      <trkpt lat="45.84342" lon="6.76436">
        <ele>1700.31</ele>
      </trkpt>
      <trkpt lat="45.84338" lon="6.76436">
        <ele>1699.32</ele>
      </trkpt>
      <trkpt lat="45.84335" lon="6.7643">
        <ele>1697.37</ele>
      </trkpt>
      <trkpt lat="45.8433" lon="6.7643">
        <ele>1695.48</ele>
      </trkpt>
      <trkpt lat="45.84325" lon="6.76421">
        <ele>1690.76</ele>
      </trkpt>
      <trkpt lat="45.84322" lon="6.76418">
        <ele>1688.31</ele>
      </trkpt>
      <trkpt lat="45.8432" lon="6.76413">
        <ele>1685.44</ele>
      </trkpt>
      <trkpt lat="45.84317" lon="6.76412">
        <ele>1683.25</ele>
      </trkpt>
      <trkpt lat="45.84315" lon="6.76407">
        <ele>1679.83</ele>
      </trkpt>
      <trkpt lat="45.84309" lon="6.76401">
        <ele>1672.61</ele>
      </trkpt>
      <trkpt lat="45.843" lon="6.76397">
        <ele>1666.04</ele>
      </trkpt>
      <trkpt lat="45.84296" lon="6.76397">
        <ele>1664.86</ele>
      </trkpt>
      <trkpt lat="45.84294" lon="6.7639">
        <ele>1660.66</ele>
      </trkpt>
      <trkpt lat="45.84292" lon="6.76386">
        <ele>1659.38</ele>
      </trkpt>
      <trkpt lat="45.84285" lon="6.76381">
        <ele>1657.25</ele>
      </trkpt>
      <trkpt lat="45.84281" lon="6.76383">
        <ele>1656.39</ele>
      </trkpt>
      <trkpt lat="45.8428" lon="6.7638">
        <ele>1655.92</ele>
      </trkpt>
      <trkpt lat="45.84271" lon="6.76376">
        <ele>1654.98</ele>
      </trkpt>
      <trkpt lat="45.84263" lon="6.76369">
        <ele>1653.96</ele>
      </trkpt>
      <trkpt lat="45.84259" lon="6.76367">
        <ele>1653.5</ele>
      </trkpt>
      <trkpt lat="45.84258" lon="6.76364">
        <ele>1653.01</ele>
      </trkpt>
      <trkpt lat="45.84256" lon="6.76362">
        <ele>1652.57</ele>
      </trkpt>
      <trkpt lat="45.8425" lon="6.76363">
        <ele>1652.34</ele>
      </trkpt>
      <trkpt lat="45.84246" lon="6.76357">
        <ele>1650.02</ele>
      </trkpt>
      <trkpt lat="45.84239" lon="6.76355">
        <ele>1646.59</ele>
      </trkpt>
      <trkpt lat="45.84235" lon="6.7635">
        <ele>1644.04</ele>
      </trkpt>
      <trkpt lat="45.84232" lon="6.76348">
        <ele>1642.22</ele>
      </trkpt>
      <trkpt lat="45.84229" lon="6.76341">
        <ele>1639.47</ele>
      </trkpt>
      <trkpt lat="45.84224" lon="6.76341">
        <ele>1636.66</ele>
      </trkpt>
      <trkpt lat="45.84222" lon="6.76338">
        <ele>1634.93</ele>
      </trkpt>
      <trkpt lat="45.84208" lon="6.76329">
        <ele>1628.4</ele>
      </trkpt>
      <trkpt lat="45.84205" lon="6.7632">
        <ele>1626.13</ele>
      </trkpt>
      <trkpt lat="45.84201" lon="6.76318">
        <ele>1624.12</ele>
      </trkpt>
      <trkpt lat="45.84198" lon="6.76318">
        <ele>1622.8</ele>
      </trkpt>
      <trkpt lat="45.8419" lon="6.76314">
        <ele>1620.58</ele>
      </trkpt>
      <trkpt lat="45.8418" lon="6.76302">
        <ele>1619.58</ele>
      </trkpt>
      <trkpt lat="45.84179" lon="6.76297">
        <ele>1619.69</ele>
      </trkpt>
      <trkpt lat="45.84177" lon="6.76293">
        <ele>1619.8</ele>
      </trkpt>
      <trkpt lat="45.84163" lon="6.76283">
        <ele>1619.25</ele>
      </trkpt>
      <trkpt lat="45.84158" lon="6.76275">
        <ele>1617.38</ele>
      </trkpt>
      <trkpt lat="45.84155" lon="6.76266">
        <ele>1615.19</ele>
      </trkpt>
      <trkpt lat="45.84152" lon="6.76262">
        <ele>1613.73</ele>
      </trkpt>
      <trkpt lat="45.84149" lon="6.76262">
        <ele>1612.91</ele>
      </trkpt>
      <trkpt lat="45.84144" lon="6.76257">
        <ele>1610.69</ele>
      </trkpt>
      <trkpt lat="45.84141" lon="6.76252">
        <ele>1608.96</ele>
      </trkpt>
      <trkpt lat="45.84138" lon="6.76247">
        <ele>1607.47</ele>
      </trkpt>
      <trkpt lat="45.84138" lon="6.76242">
        <ele>1606.74</ele>
      </trkpt>
      <trkpt lat="45.84135" lon="6.76236">
        <ele>1605.49</ele>
      </trkpt>
      <trkpt lat="45.84129" lon="6.76224">
        <ele>1602.85</ele>
      </trkpt>
      <trkpt lat="45.84124" lon="6.76219">
        <ele>1601.33</ele>
      </trkpt>
      <trkpt lat="45.84122" lon="6.76213">
        <ele>1600.04</ele>
      </trkpt>
      <trkpt lat="45.84118" lon="6.76209">
        <ele>1598.73</ele>
      </trkpt>
      <trkpt lat="45.84117" lon="6.76202">
        <ele>1597.36</ele>
      </trkpt>
      <trkpt lat="45.84119" lon="6.76198">
        <ele>1597.02</ele>
      </trkpt>
      <trkpt lat="45.84119" lon="6.76192">
        <ele>1596.17</ele>
      </trkpt>
      <trkpt lat="45.84119" lon="6.76179">
        <ele>1594.83</ele>
      </trkpt>
      <trkpt lat="45.8411" lon="6.7615">
        <ele>1591.78</ele>
      </trkpt>
      <trkpt lat="45.8411" lon="6.76132">
        <ele>1590.45</ele>
      </trkpt>
      <trkpt lat="45.84101" lon="6.76093">
        <ele>1585.9</ele>
      </trkpt>
      <trkpt lat="45.8409" lon="6.76057">
        <ele>1580.68</ele>
      </trkpt>
      <trkpt lat="45.84083" lon="6.76031">
        <ele>1578.21</ele>
      </trkpt>
      <trkpt lat="45.84076" lon="6.76011">
        <ele>1576.67</ele>
      </trkpt>
      <trkpt lat="45.84073" lon="6.76007">
        <ele>1575.86</ele>
      </trkpt>
      <trkpt lat="45.84071" lon="6.76005">
        <ele>1575.29</ele>
      </trkpt>
      <trkpt lat="45.84068" lon="6.76005">
        <ele>1574.63</ele>
      </trkpt>
      <trkpt lat="45.84055" lon="6.76008">
        <ele>1572.5</ele>
      </trkpt>
      <trkpt lat="45.84052" lon="6.76007">
        <ele>1572.64</ele>
      </trkpt>
      <trkpt lat="45.84048" lon="6.76005">
        <ele>1572.72</ele>
      </trkpt>
      <trkpt lat="45.84045" lon="6.76004">
        <ele>1572.86</ele>
      </trkpt>
      <trkpt lat="45.84026" lon="6.7601">
        <ele>1575.54</ele>
      </trkpt>
      <trkpt lat="45.84011" lon="6.7601">
        <ele>1573.38</ele>
      </trkpt>
      <trkpt lat="45.83995" lon="6.76014">
        <ele>1572.34</ele>
      </trkpt>
      <trkpt lat="45.83988" lon="6.76017">
        <ele>1572.43</ele>
      </trkpt>
      <trkpt lat="45.8398" lon="6.76018">
        <ele>1572.09</ele>
      </trkpt>
      <trkpt lat="45.83977" lon="6.7602">
        <ele>1572.04</ele>
      </trkpt>
      <trkpt lat="45.83973" lon="6.76025">
        <ele>1571.97</ele>
      </trkpt>
      <trkpt lat="45.83963" lon="6.76029">
        <ele>1569.91</ele>
      </trkpt>
      <trkpt lat="45.83959" lon="6.76029">
        <ele>1569.04</ele>
      </trkpt>
      <trkpt lat="45.83945" lon="6.76018">
        <ele>1566.11</ele>
      </trkpt>
      <trkpt lat="45.83941" lon="6.76016">
        <ele>1566.0</ele>
      </trkpt>
      <trkpt lat="45.83937" lon="6.76016">
        <ele>1566.0</ele>
      </trkpt>
      <trkpt lat="45.83927" lon="6.7602">
        <ele>1566.0</ele>
      </trkpt>
      <trkpt lat="45.83928" lon="6.76007">
        <ele>1566.0</ele>
      </trkpt>
      <trkpt lat="45.83929" lon="6.75999">
        <ele>1566.0</ele>
      </trkpt>
      <trkpt lat="45.83928" lon="6.75991">
        <ele>1566.0</ele>
      </trkpt>
      <trkpt lat="45.83928" lon="6.75991">
        <ele>1566.0</ele>
      </trkpt>
      <trkpt lat="45.83929" lon="6.75999">
        <ele>1566.0</ele>
      </trkpt>
      <trkpt lat="45.83928" lon="6.76007">
        <ele>1566.0</ele>
      </trkpt>
      <trkpt lat="45.83927" lon="6.7602">
        <ele>1566.0</ele>
      </trkpt>
      <trkpt lat="45.83916" lon="6.76028">
        <ele>1565.94</ele>
      </trkpt>
      <trkpt lat="45.83912" lon="6.76013">
        <ele>1566.0</ele>
      </trkpt>
      <trkpt lat="45.83894" lon="6.75965">
        <ele>1563.43</ele>
      </trkpt>
      <trkpt lat="45.83893" lon="6.75945">
        <ele>1556.09</ele>
      </trkpt>
      <trkpt lat="45.83886" lon="6.75936">
        <ele>1554.21</ele>
      </trkpt>
      <trkpt lat="45.83885" lon="6.75932">
        <ele>1553.91</ele>
      </trkpt>
      <trkpt lat="45.83886" lon="6.75929">
        <ele>1553.56</ele>
      </trkpt>
      <trkpt lat="45.83894" lon="6.75916">
        <ele>1552.13</ele>
      </trkpt>
      <trkpt lat="45.83886" lon="6.75906">
        <ele>1551.73</ele>
      </trkpt>
      <trkpt lat="45.8389" lon="6.75898">
        <ele>1550.67</ele>
      </trkpt>
      <trkpt lat="45.83887" lon="6.7587">
        <ele>1551.18</ele>
      </trkpt>
      <trkpt lat="45.83887" lon="6.75849">
        <ele>1552.31</ele>
      </trkpt>
      <trkpt lat="45.83889" lon="6.75827">
        <ele>1552.43</ele>
      </trkpt>
      <trkpt lat="45.83889" lon="6.75815">
        <ele>1553.29</ele>
      </trkpt>
      <trkpt lat="45.8389" lon="6.75811">
        <ele>1553.34</ele>
      </trkpt>
      <trkpt lat="45.83891" lon="6.75801">
        <ele>1554.88</ele>
      </trkpt>
      <trkpt lat="45.83895" lon="6.75792">
        <ele>1556.32</ele>
      </trkpt>
      <trkpt lat="45.8389" lon="6.75787">
        <ele>1559.6</ele>
      </trkpt>
      <trkpt lat="45.8389" lon="6.75776">
        <ele>1563.3</ele>
      </trkpt>
      <trkpt lat="45.83903" lon="6.75751">
        <ele>1571.41</ele>
      </trkpt>
      <trkpt lat="45.83906" lon="6.75748">
        <ele>1572.35</ele>
      </trkpt>
      <trkpt lat="45.83913" lon="6.75743">
        <ele>1573.69</ele>
      </trkpt>
      <trkpt lat="45.83919" lon="6.75734">
        <ele>1577.66</ele>
      </trkpt>
      <trkpt lat="45.83918" lon="6.75732">
        <ele>1579.05</ele>
      </trkpt>
      <trkpt lat="45.83915" lon="6.7573">
        <ele>1580.71</ele>
      </trkpt>
      <trkpt lat="45.83912" lon="6.7573">
        <ele>1581.04</ele>
      </trkpt>
      <trkpt lat="45.8389" lon="6.75719">
        <ele>1588.68</ele>
      </trkpt>
      <trkpt lat="45.8389" lon="6.75716">
        <ele>1590.32</ele>
      </trkpt>
      <trkpt lat="45.83893" lon="6.75712">
        <ele>1592.5</ele>
      </trkpt>
      <trkpt lat="45.83899" lon="6.75706">
        <ele>1596.09</ele>
      </trkpt>
      <trkpt lat="45.83903" lon="6.75703">
        <ele>1598.12</ele>
      </trkpt>
      <trkpt lat="45.83909" lon="6.75695">
        <ele>1603.8</ele>
      </trkpt>
      <trkpt lat="45.83916" lon="6.7569">
        <ele>1606.52</ele>
      </trkpt>
      <trkpt lat="45.83918" lon="6.75687">
        <ele>1607.31</ele>
      </trkpt>
      <trkpt lat="45.83918" lon="6.75683">
        <ele>1608.79</ele>
      </trkpt>
      <trkpt lat="45.83916" lon="6.75681">
        <ele>1609.76</ele>
      </trkpt>
      <trkpt lat="45.83912" lon="6.7568">
        <ele>1609.61</ele>
      </trkpt>
      <trkpt lat="45.83908" lon="6.75674">
        <ele>1611.19</ele>
      </trkpt>
      <trkpt lat="45.839" lon="6.75669">
        <ele>1611.81</ele>
      </trkpt>
      <trkpt lat="45.83899" lon="6.75667">
        <ele>1612.34</ele>
      </trkpt>
      <trkpt lat="45.83899" lon="6.75665">
        <ele>1612.88</ele>
      </trkpt>
      <trkpt lat="45.83902" lon="6.7566">
        <ele>1614.57</ele>
      </trkpt>
      <trkpt lat="45.83917" lon="6.75648">
        <ele>1619.71</ele>
      </trkpt>
      <trkpt lat="45.83928" lon="6.75644">
        <ele>1621.41</ele>
      </trkpt>
      <trkpt lat="45.83932" lon="6.75639">
        <ele>1623.61</ele>
      </trkpt>
      <trkpt lat="45.83939" lon="6.75638">
        <ele>1624.72</ele>
      </trkpt>
      <trkpt lat="45.83948" lon="6.7563">
        <ele>1627.66</ele>
      </trkpt>
      <trkpt lat="45.83955" lon="6.7562">
        <ele>1631.01</ele>
      </trkpt>
      <trkpt lat="45.83961" lon="6.75594">
        <ele>1641.74</ele>
      </trkpt>
      <trkpt lat="45.8396" lon="6.75591">
        <ele>1642.93</ele>
      </trkpt>
      <trkpt lat="45.83958" lon="6.7559">
        <ele>1643.22</ele>
      </trkpt>
      <trkpt lat="45.83948" lon="6.75593">
        <ele>1641.38</ele>
      </trkpt>
      <trkpt lat="45.83944" lon="6.75591">
        <ele>1641.94</ele>
      </trkpt>
      <trkpt lat="45.8394" lon="6.75592">
        <ele>1641.35</ele>
      </trkpt>
      <trkpt lat="45.83928" lon="6.75587">
        <ele>1642.52</ele>
      </trkpt>
      <trkpt lat="45.83924" lon="6.75581">
        <ele>1644.27</ele>
      </trkpt>
      <trkpt lat="45.8392" lon="6.75579">
        <ele>1644.54</ele>
      </trkpt>
      <trkpt lat="45.83903" lon="6.75575">
        <ele>1646.24</ele>
      </trkpt>
      <trkpt lat="45.83897" lon="6.75574">
        <ele>1646.87</ele>
      </trkpt>
      <trkpt lat="45.8389" lon="6.75577">
        <ele>1646.53</ele>
      </trkpt>
      <trkpt lat="45.83886" lon="6.75576">
        <ele>1647.55</ele>
      </trkpt>
      <trkpt lat="45.83876" lon="6.75577">
        <ele>1649.7</ele>
      </trkpt>
      <trkpt lat="45.83869" lon="6.75581">
        <ele>1650.06</ele>
      </trkpt>
      <trkpt lat="45.83863" lon="6.75582">
        <ele>1651.06</ele>
      </trkpt>
      <trkpt lat="45.83855" lon="6.75577">
        <ele>1654.87</ele>
      </trkpt>
      <trkpt lat="45.83829" lon="6.75568">
        <ele>1664.63</ele>
      </trkpt>
      <trkpt lat="45.83824" lon="6.75568">
        <ele>1665.27</ele>
      </trkpt>
      <trkpt lat="45.83822" lon="6.75565">
        <ele>1666.75</ele>
      </trkpt>
      <trkpt lat="45.83804" lon="6.75561">
        <ele>1670.73</ele>
      </trkpt>
      <trkpt lat="45.83788" lon="6.75554">
        <ele>1675.16</ele>
      </trkpt>
      <trkpt lat="45.83786" lon="6.75555">
        <ele>1674.73</ele>
      </trkpt>
      <trkpt lat="45.83782" lon="6.75551">
        <ele>1677.32</ele>
      </trkpt>
      <trkpt lat="45.8378" lon="6.75547">
        <ele>1679.77</ele>
      </trkpt>
      <trkpt lat="45.83778" lon="6.75547">
        <ele>1679.91</ele>
      </trkpt>
      <trkpt lat="45.83774" lon="6.75548">
        <ele>1680.54</ele>
      </trkpt>
      <trkpt lat="45.83769" lon="6.75548">
        <ele>1682.11</ele>
      </trkpt>
      <trkpt lat="45.83763" lon="6.75546">
        <ele>1685.11</ele>
      </trkpt>
      <trkpt lat="45.8376" lon="6.75547">
        <ele>1685.49</ele>
      </trkpt>
      <trkpt lat="45.83756" lon="6.75546">
        <ele>1687.29</ele>
      </trkpt>
      <trkpt lat="45.83748" lon="6.75551">
        <ele>1686.94</ele>
      </trkpt>
      <trkpt lat="45.83744" lon="6.75555">
        <ele>1685.8</ele>
      </trkpt>
      <trkpt lat="45.83738" lon="6.75554">
        <ele>1687.82</ele>
      </trkpt>
      <trkpt lat="45.83734" lon="6.75559">
        <ele>1686.26</ele>
      </trkpt>
      <trkpt lat="45.8373" lon="6.75561">
        <ele>1686.33</ele>
      </trkpt>
      <trkpt lat="45.83727" lon="6.75559">
        <ele>1688.12</ele>
      </trkpt>
      <trkpt lat="45.83718" lon="6.75562">
        <ele>1689.29</ele>
      </trkpt>
      <trkpt lat="45.83708" lon="6.75561">
        <ele>1692.74</ele>
      </trkpt>
      <trkpt lat="45.83703" lon="6.75559">
        <ele>1694.83</ele>
      </trkpt>
      <trkpt lat="45.83702" lon="6.75552">
        <ele>1697.67</ele>
      </trkpt>
      <trkpt lat="45.83695" lon="6.75555">
        <ele>1698.1</ele>
      </trkpt>
      <trkpt lat="45.83692" lon="6.75556">
        <ele>1698.26</ele>
      </trkpt>
      <trkpt lat="45.83686" lon="6.75552">
        <ele>1700.71</ele>
      </trkpt>
      <trkpt lat="45.83677" lon="6.75539">
        <ele>1707.29</ele>
      </trkpt>
      <trkpt lat="45.83675" lon="6.75534">
        <ele>1709.57</ele>
      </trkpt>
      <trkpt lat="45.83676" lon="6.7553">
        <ele>1711.09</ele>
      </trkpt>
      <trkpt lat="45.83675" lon="6.75526">
        <ele>1712.75</ele>
      </trkpt>
      <trkpt lat="45.83672" lon="6.75523">
        <ele>1714.22</ele>
      </trkpt>
      <trkpt lat="45.83666" lon="6.75522">
        <ele>1715.4</ele>
      </trkpt>
      <trkpt lat="45.83664" lon="6.75522">
        <ele>1715.75</ele>
      </trkpt>
      <trkpt lat="45.83661" lon="6.75522">
        <ele>1716.27</ele>
      </trkpt>
      <trkpt lat="45.83659" lon="6.7552">
        <ele>1717.38</ele>
      </trkpt>
      <trkpt lat="45.83653" lon="6.75522">
        <ele>1717.65</ele>
      </trkpt>
      <trkpt lat="45.83649" lon="6.7552">
        <ele>1719.08</ele>
      </trkpt>
      <trkpt lat="45.83642" lon="6.7552">
        <ele>1720.27</ele>
      </trkpt>
      <trkpt lat="45.83639" lon="6.75519">
        <ele>1721.14</ele>
      </trkpt>
      <trkpt lat="45.83634" lon="6.75512">
        <ele>1724.74</ele>
      </trkpt>
      <trkpt lat="45.83631" lon="6.75507">
        <ele>1726.83</ele>
      </trkpt>
      <trkpt lat="45.8363" lon="6.75502">
        <ele>1728.4</ele>
      </trkpt>
      <trkpt lat="45.83633" lon="6.75487">
        <ele>1730.85</ele>
      </trkpt>
      <trkpt lat="45.83634" lon="6.75485">
        <ele>1731.2</ele>
      </trkpt>
      <trkpt lat="45.83633" lon="6.75483">
        <ele>1731.53</ele>
      </trkpt>
      <trkpt lat="45.83632" lon="6.75481">
        <ele>1731.83</ele>
      </trkpt>
      <trkpt lat="45.83625" lon="6.75481">
        <ele>1731.55</ele>
      </trkpt>
      <trkpt lat="45.8362" lon="6.75476">
        <ele>1731.7</ele>
      </trkpt>
      <trkpt lat="45.83616" lon="6.7547">
        <ele>1731.69</ele>
      </trkpt>
      <trkpt lat="45.83612" lon="6.75468">
        <ele>1731.4</ele>
      </trkpt>
      <trkpt lat="45.83608" lon="6.75456">
        <ele>1732.55</ele>
      </trkpt>
      <trkpt lat="45.83605" lon="6.75454">
        <ele>1733.05</ele>
      </trkpt>
      <trkpt lat="45.83604" lon="6.75451">
        <ele>1733.36</ele>
      </trkpt>
      <trkpt lat="45.83604" lon="6.75446">
        <ele>1733.67</ele>
      </trkpt>
      <trkpt lat="45.83605" lon="6.7541">
        <ele>1733.37</ele>
      </trkpt>
      <trkpt lat="45.83608" lon="6.754">
        <ele>1732.67</ele>
      </trkpt>
      <trkpt lat="45.83612" lon="6.75392">
        <ele>1732.1</ele>
      </trkpt>
      <trkpt lat="45.83616" lon="6.75379">
        <ele>1730.94</ele>
      </trkpt>
      <trkpt lat="45.83619" lon="6.75368">
        <ele>1730.1</ele>
      </trkpt>
      <trkpt lat="45.83622" lon="6.75356">
        <ele>1730.38</ele>
      </trkpt>
      <trkpt lat="45.83628" lon="6.75343">
        <ele>1732.03</ele>
      </trkpt>
      <trkpt lat="45.83632" lon="6.75303">
        <ele>1740.04</ele>
      </trkpt>
      <trkpt lat="45.83634" lon="6.75297">
        <ele>1739.9</ele>
      </trkpt>
      <trkpt lat="45.83641" lon="6.75283">
        <ele>1740.13</ele>
      </trkpt>
      <trkpt lat="45.83645" lon="6.75262">
        <ele>1743.03</ele>
      </trkpt>
      <trkpt lat="45.83646" lon="6.75253">
        <ele>1744.36</ele>
      </trkpt>
      <trkpt lat="45.83645" lon="6.75248">
        <ele>1744.64</ele>
      </trkpt>
      <trkpt lat="45.83642" lon="6.75243">
        <ele>1744.31</ele>
      </trkpt>
      <trkpt lat="45.83638" lon="6.7524">
        <ele>1743.92</ele>
      </trkpt>
      <trkpt lat="45.83618" lon="6.75234">
        <ele>1742.18</ele>
      </trkpt>
      <trkpt lat="45.8361" lon="6.75231">
        <ele>1741.78</ele>
      </trkpt>
      <trkpt lat="45.83604" lon="6.75226">
        <ele>1742.87</ele>
      </trkpt>
      <trkpt lat="45.83591" lon="6.75208">
        <ele>1743.22</ele>
      </trkpt>
      <trkpt lat="45.83577" lon="6.75195">
        <ele>1739.61</ele>
      </trkpt>
      <trkpt lat="45.8357" lon="6.75192">
        <ele>1740.14</ele>
      </trkpt>
      <trkpt lat="45.83563" lon="6.75185">
        <ele>1740.99</ele>
      </trkpt>
      <trkpt lat="45.83559" lon="6.75176">
        <ele>1741.58</ele>
      </trkpt>
      <trkpt lat="45.83556" lon="6.75163">
        <ele>1741.22</ele>
      </trkpt>
      <trkpt lat="45.83549" lon="6.75148">
        <ele>1738.36</ele>
      </trkpt>
      <trkpt lat="45.83548" lon="6.75141">
        <ele>1736.98</ele>
      </trkpt>
      <trkpt lat="45.83549" lon="6.75122">
        <ele>1733.9</ele>
      </trkpt>
      <trkpt lat="45.83547" lon="6.75105">
        <ele>1731.65</ele>
      </trkpt>
      <trkpt lat="45.83547" lon="6.75086">
        <ele>1729.6</ele>
      </trkpt>
      <trkpt lat="45.83545" lon="6.75068">
        <ele>1727.51</ele>
      </trkpt>
      <trkpt lat="45.83547" lon="6.75061">
        <ele>1726.65</ele>
      </trkpt>
      <trkpt lat="45.83557" lon="6.75046">
        <ele>1724.81</ele>
      </trkpt>
      <trkpt lat="45.83589" lon="6.75003">
        <ele>1722.11</ele>
      </trkpt>
      <trkpt lat="45.83593" lon="6.74995">
        <ele>1721.7</ele>
      </trkpt>
      <trkpt lat="45.83609" lon="6.74949">
        <ele>1716.34</ele>
      </trkpt>
      <trkpt lat="45.83615" lon="6.7494">
        <ele>1715.18</ele>
      </trkpt>
      <trkpt lat="45.83619" lon="6.74934">
        <ele>1714.03</ele>
      </trkpt>
      <trkpt lat="45.83619" lon="6.74905">
        <ele>1707.88</ele>
      </trkpt>
      <trkpt lat="45.83619" lon="6.74899">
        <ele>1706.65</ele>
      </trkpt>
      <trkpt lat="45.83615" lon="6.74887">
        <ele>1703.99</ele>
      </trkpt>
      <trkpt lat="45.8361" lon="6.74879">
        <ele>1702.54</ele>
      </trkpt>
      <trkpt lat="45.83606" lon="6.74875">
        <ele>1701.91</ele>
      </trkpt>
      <trkpt lat="45.83585" lon="6.74853">
        <ele>1700.58</ele>
      </trkpt>
      <trkpt lat="45.83576" lon="6.74838">
        <ele>1700.96</ele>
      </trkpt>
      <trkpt lat="45.83571" lon="6.74828">
        <ele>1701.05</ele>
      </trkpt>
      <trkpt lat="45.83567" lon="6.74823">
        <ele>1701.17</ele>
      </trkpt>
      <trkpt lat="45.83562" lon="6.7482">
        <ele>1701.46</ele>
      </trkpt>
      <trkpt lat="45.83541" lon="6.74812">
        <ele>1704.01</ele>
      </trkpt>
      <trkpt lat="45.83509" lon="6.74782">
        <ele>1700.05</ele>
      </trkpt>
      <trkpt lat="45.83498" lon="6.74768">
        <ele>1697.15</ele>
      </trkpt>
      <trkpt lat="45.83493" lon="6.74758">
        <ele>1694.84</ele>
      </trkpt>
      <trkpt lat="45.83489" lon="6.74747">
        <ele>1692.23</ele>
      </trkpt>
      <trkpt lat="45.83483" lon="6.74736">
        <ele>1690.63</ele>
      </trkpt>
      <trkpt lat="45.83474" lon="6.74714">
        <ele>1687.13</ele>
      </trkpt>
      <trkpt lat="45.83455" lon="6.74689">
        <ele>1685.6</ele>
      </trkpt>
      <trkpt lat="45.83449" lon="6.74683">
        <ele>1686.46</ele>
      </trkpt>
      <trkpt lat="45.83444" lon="6.7468">
        <ele>1687.4</ele>
      </trkpt>
      <trkpt lat="45.83425" lon="6.74665">
        <ele>1681.85</ele>
      </trkpt>
      <trkpt lat="45.83384" lon="6.74643">
        <ele>1678.72</ele>
      </trkpt>
      <trkpt lat="45.83372" lon="6.74636">
        <ele>1677.39</ele>
      </trkpt>
      <trkpt lat="45.8335" lon="6.74629">
        <ele>1675.72</ele>
      </trkpt>
      <trkpt lat="45.83335" lon="6.74622">
        <ele>1673.13</ele>
      </trkpt>
      <trkpt lat="45.83321" lon="6.74619">
        <ele>1670.15</ele>
      </trkpt>
      <trkpt lat="45.83302" lon="6.7462">
        <ele>1669.14</ele>
      </trkpt>
      <trkpt lat="45.83292" lon="6.74618">
        <ele>1669.2</ele>
      </trkpt>
      <trkpt lat="45.83261" lon="6.74606">
        <ele>1666.65</ele>
      </trkpt>
      <trkpt lat="45.83253" lon="6.74604">
        <ele>1666.1</ele>
      </trkpt>
      <trkpt lat="45.8321" lon="6.74602">
        <ele>1660.42</ele>
      </trkpt>
      <trkpt lat="45.83169" lon="6.74597">
        <ele>1655.95</ele>
      </trkpt>
      <trkpt lat="45.83146" lon="6.74591">
        <ele>1649.05</ele>
      </trkpt>
      <trkpt lat="45.83119" lon="6.74586">
        <ele>1641.16</ele>
      </trkpt>
      <trkpt lat="45.83107" lon="6.74583">
        <ele>1639.13</ele>
      </trkpt>
      <trkpt lat="45.83099" lon="6.74579">
        <ele>1640.41</ele>
      </trkpt>
      <trkpt lat="45.8309" lon="6.74571">
        <ele>1639.71</ele>
      </trkpt>
      <trkpt lat="45.83079" lon="6.74557">
        <ele>1635.14</ele>
      </trkpt>
      <trkpt lat="45.8307" lon="6.7454">
        <ele>1632.89</ele>
      </trkpt>
      <trkpt lat="45.83055" lon="6.74508">
        <ele>1625.43</ele>
      </trkpt>
      <trkpt lat="45.83049" lon="6.74502">
        <ele>1622.44</ele>
      </trkpt>
      <trkpt lat="45.83034" lon="6.74491">
        <ele>1617.93</ele>
      </trkpt>
      <trkpt lat="45.83005" lon="6.74474">
        <ele>1614.36</ele>
      </trkpt>
      <trkpt lat="45.82992" lon="6.74456">
        <ele>1609.52</ele>
      </trkpt>
      <trkpt lat="45.8299" lon="6.74451">
        <ele>1608.22</ele>
      </trkpt>
      <trkpt lat="45.82972" lon="6.74433">
        <ele>1606.86</ele>
      </trkpt>
      <trkpt lat="45.82964" lon="6.74423">
        <ele>1602.85</ele>
      </trkpt>
      <trkpt lat="45.82956" lon="6.74408">
        <ele>1598.47</ele>
      </trkpt>
      <trkpt lat="45.82951" lon="6.74402">
        <ele>1597.22</ele>
      </trkpt>
      <trkpt lat="45.82944" lon="6.74397">
        <ele>1596.43</ele>
      </trkpt>
      <trkpt lat="45.82929" lon="6.74396">
        <ele>1595.18</ele>
      </trkpt>
      <trkpt lat="45.82924" lon="6.74393">
        <ele>1593.97</ele>
      </trkpt>
      <trkpt lat="45.82916" lon="6.74383">
        <ele>1590.61</ele>
      </trkpt>
      <trkpt lat="45.82915" lon="6.74377">
        <ele>1589.22</ele>
      </trkpt>
      <trkpt lat="45.82918" lon="6.74371">
        <ele>1587.61</ele>
      </trkpt>
      <trkpt lat="45.82921" lon="6.74369">
        <ele>1587.34</ele>
      </trkpt>
      <trkpt lat="45.82935" lon="6.74366">
        <ele>1587.67</ele>
      </trkpt>
      <trkpt lat="45.82957" lon="6.74353">
        <ele>1584.96</ele>
      </trkpt>
      <trkpt lat="45.82956" lon="6.7435">
        <ele>1584.42</ele>
      </trkpt>
      <trkpt lat="45.82951" lon="6.74348">
        <ele>1584.29</ele>
      </trkpt>
      <trkpt lat="45.82949" lon="6.74346">
        <ele>1584.03</ele>
      </trkpt>
      <trkpt lat="45.82948" lon="6.74339">
        <ele>1582.79</ele>
      </trkpt>
      <trkpt lat="45.82945" lon="6.74335">
        <ele>1582.26</ele>
      </trkpt>
      <trkpt lat="45.8294" lon="6.74331">
        <ele>1580.76</ele>
      </trkpt>
      <trkpt lat="45.82939" lon="6.74329">
        <ele>1580.04</ele>
      </trkpt>
      <trkpt lat="45.8294" lon="6.74323">
        <ele>1578.16</ele>
      </trkpt>
      <trkpt lat="45.82938" lon="6.7432">
        <ele>1577.17</ele>
      </trkpt>
      <trkpt lat="45.82934" lon="6.74314">
        <ele>1575.48</ele>
      </trkpt>
      <trkpt lat="45.8293" lon="6.74312">
        <ele>1575.16</ele>
      </trkpt>
      <trkpt lat="45.82929" lon="6.74308">
        <ele>1574.25</ele>
      </trkpt>
      <trkpt lat="45.82927" lon="6.74304">
        <ele>1573.38</ele>
      </trkpt>
      <trkpt lat="45.82927" lon="6.74286">
        <ele>1567.55</ele>
      </trkpt>
      <trkpt lat="45.82925" lon="6.74283">
        <ele>1566.79</ele>
      </trkpt>
      <trkpt lat="45.82921" lon="6.74279">
        <ele>1565.93</ele>
      </trkpt>
      <trkpt lat="45.82917" lon="6.7428">
        <ele>1566.68</ele>
      </trkpt>
      <trkpt lat="45.82915" lon="6.74281">
        <ele>1567.04</ele>
      </trkpt>
      <trkpt lat="45.82908" lon="6.7429">
        <ele>1569.82</ele>
      </trkpt>
      <trkpt lat="45.82901" lon="6.74294">
        <ele>1570.93</ele>
      </trkpt>
      <trkpt lat="45.8289" lon="6.74304">
        <ele>1573.59</ele>
      </trkpt>
      <trkpt lat="45.82884" lon="6.74307">
        <ele>1575.47</ele>
      </trkpt>
      <trkpt lat="45.8288" lon="6.74307">
        <ele>1576.34</ele>
      </trkpt>
      <trkpt lat="45.82877" lon="6.74305">
        <ele>1576.41</ele>
      </trkpt>
      <trkpt lat="45.82874" lon="6.74301">
        <ele>1575.9</ele>
      </trkpt>
      <trkpt lat="45.82871" lon="6.7429">
        <ele>1573.38</ele>
      </trkpt>
      <trkpt lat="45.82866" lon="6.74278">
        <ele>1571.01</ele>
      </trkpt>
      <trkpt lat="45.8286" lon="6.74268">
        <ele>1568.06</ele>
      </trkpt>
      <trkpt lat="45.82855" lon="6.74263">
        <ele>1565.83</ele>
      </trkpt>
      <trkpt lat="45.82851" lon="6.74259">
        <ele>1564.08</ele>
      </trkpt>
      <trkpt lat="45.82845" lon="6.74257">
        <ele>1563.05</ele>
      </trkpt>
      <trkpt lat="45.82841" lon="6.74249">
        <ele>1559.92</ele>
      </trkpt>
      <trkpt lat="45.82835" lon="6.74244">
        <ele>1558.08</ele>
      </trkpt>
      <trkpt lat="45.82821" lon="6.74238">
        <ele>1558.08</ele>
      </trkpt>
      <trkpt lat="45.82798" lon="6.74238">
        <ele>1561.76</ele>
      </trkpt>
      <trkpt lat="45.82794" lon="6.74237">
        <ele>1562.23</ele>
      </trkpt>
      <trkpt lat="45.82788" lon="6.74232">
        <ele>1562.72</ele>
      </trkpt>
      <trkpt lat="45.82774" lon="6.74209">
        <ele>1561.6</ele>
      </trkpt>
      <trkpt lat="45.82769" lon="6.74197">
        <ele>1558.61</ele>
      </trkpt>
      <trkpt lat="45.82758" lon="6.74158">
        <ele>1554.69</ele>
      </trkpt>
      <trkpt lat="45.82752" lon="6.74145">
        <ele>1553.65</ele>
      </trkpt>
      <trkpt lat="45.82749" lon="6.74142">
        <ele>1552.94</ele>
      </trkpt>
      <trkpt lat="45.82736" lon="6.74136">
        <ele>1544.46</ele>
      </trkpt>
      <trkpt lat="45.82729" lon="6.74124">
        <ele>1537.8</ele>
      </trkpt>
      <trkpt lat="45.82724" lon="6.74118">
        <ele>1534.77</ele>
      </trkpt>
      <trkpt lat="45.82723" lon="6.7411">
        <ele>1532.85</ele>
      </trkpt>
      <trkpt lat="45.8272" lon="6.74103">
        <ele>1529.82</ele>
      </trkpt>
      <trkpt lat="45.82717" lon="6.74102">
        <ele>1528.37</ele>
      </trkpt>
      <trkpt lat="45.82704" lon="6.74103">
        <ele>1523.72</ele>
      </trkpt>
      <trkpt lat="45.827" lon="6.74106">
        <ele>1523.23</ele>
      </trkpt>
      <trkpt lat="45.82694" lon="6.74113">
        <ele>1523.28</ele>
      </trkpt>
      <trkpt lat="45.82672" lon="6.74126">
        <ele>1516.62</ele>
      </trkpt>
      <trkpt lat="45.82663" lon="6.74137">
        <ele>1515.55</ele>
      </trkpt>
      <trkpt lat="45.82657" lon="6.74142">
        <ele>1515.4</ele>
      </trkpt>
      <trkpt lat="45.82654" lon="6.74144">
        <ele>1515.22</ele>
      </trkpt>
      <trkpt lat="45.82632" lon="6.74147">
        <ele>1510.17</ele>
      </trkpt>
      <trkpt lat="45.82612" lon="6.74145">
        <ele>1506.13</ele>
      </trkpt>
      <trkpt lat="45.82606" lon="6.74143">
        <ele>1503.25</ele>
      </trkpt>
      <trkpt lat="45.82595" lon="6.74136">
        <ele>1497.19</ele>
      </trkpt>
      <trkpt lat="45.82587" lon="6.74129">
        <ele>1493.51</ele>
      </trkpt>
      <trkpt lat="45.82571" lon="6.74121">
        <ele>1488.89</ele>
      </trkpt>
      <trkpt lat="45.82564" lon="6.74114">
        <ele>1486.96</ele>
      </trkpt>
      <trkpt lat="45.82547" lon="6.74093">
        <ele>1479.7</ele>
      </trkpt>
      <trkpt lat="45.82543" lon="6.7409">
        <ele>1478.79</ele>
      </trkpt>
      <trkpt lat="45.82539" lon="6.74127">
        <ele>1482.25</ele>
      </trkpt>
      <trkpt lat="45.82531" lon="6.74149">
        <ele>1479.41</ele>
      </trkpt>
      <trkpt lat="45.82542" lon="6.74198">
        <ele>1476.12</ele>
      </trkpt>
      <trkpt lat="45.82542" lon="6.74224">
        <ele>1472.12</ele>
      </trkpt>
      <trkpt lat="45.82539" lon="6.74268">
        <ele>1468.53</ele>
      </trkpt>
      <trkpt lat="45.82537" lon="6.74278">
        <ele>1465.97</ele>
      </trkpt>
      <trkpt lat="45.82522" lon="6.74315">
        <ele>1454.53</ele>
      </trkpt>
      <trkpt lat="45.82505" lon="6.74359">
        <ele>1447.91</ele>
      </trkpt>
      <trkpt lat="45.82498" lon="6.74381">
        <ele>1447.34</ele>
      </trkpt>
      <trkpt lat="45.82491" lon="6.74387">
        <ele>1445.21</ele>
      </trkpt>
      <trkpt lat="45.82479" lon="6.74388">
        <ele>1440.56</ele>
      </trkpt>
      <trkpt lat="45.82469" lon="6.74383">
        <ele>1437.43</ele>
      </trkpt>
      <trkpt lat="45.82463" lon="6.74378">
        <ele>1437.04</ele>
      </trkpt>
      <trkpt lat="45.82451" lon="6.74372">
        <ele>1436.47</ele>
      </trkpt>
      <trkpt lat="45.82445" lon="6.74367">
        <ele>1435.47</ele>
      </trkpt>
      <trkpt lat="45.82437" lon="6.74359">
        <ele>1433.77</ele>
      </trkpt>
      <trkpt lat="45.82433" lon="6.74348">
        <ele>1431.19</ele>
      </trkpt>
      <trkpt lat="45.82428" lon="6.74339">
        <ele>1428.87</ele>
      </trkpt>
      <trkpt lat="45.82423" lon="6.74315">
        <ele>1426.06</ele>
      </trkpt>
      <trkpt lat="45.8242" lon="6.74304">
        <ele>1424.92</ele>
      </trkpt>
      <trkpt lat="45.82406" lon="6.74276">
        <ele>1417.8</ele>
      </trkpt>
      <trkpt lat="45.82384" lon="6.74228">
        <ele>1402.91</ele>
      </trkpt>
      <trkpt lat="45.82377" lon="6.74203">
        <ele>1396.09</ele>
      </trkpt>
      <trkpt lat="45.82369" lon="6.74184">
        <ele>1391.67</ele>
      </trkpt>
      <trkpt lat="45.82366" lon="6.74173">
        <ele>1390.44</ele>
      </trkpt>
      <trkpt lat="45.82361" lon="6.74161">
        <ele>1389.39</ele>
      </trkpt>
      <trkpt lat="45.8236" lon="6.74154">
        <ele>1388.62</ele>
      </trkpt>
      <trkpt lat="45.82356" lon="6.74146">
        <ele>1387.36</ele>
      </trkpt>
      <trkpt lat="45.82348" lon="6.74128">
        <ele>1382.1</ele>
      </trkpt>
      <trkpt lat="45.82346" lon="6.74092">
        <ele>1372.26</ele>
      </trkpt>
      <trkpt lat="45.82338" lon="6.7407">
        <ele>1366.91</ele>
      </trkpt>
      <trkpt lat="45.82301" lon="6.73988">
        <ele>1348.93</ele>
      </trkpt>
      <trkpt lat="45.82288" lon="6.7395">
        <ele>1346.95</ele>
      </trkpt>
      <trkpt lat="45.82295" lon="6.73934">
        <ele>1340.89</ele>
      </trkpt>
      <trkpt lat="45.82296" lon="6.73924">
        <ele>1337.38</ele>
      </trkpt>
      <trkpt lat="45.82298" lon="6.73902">
        <ele>1331.3</ele>
      </trkpt>
      <trkpt lat="45.823" lon="6.73852">
        <ele>1321.95</ele>
      </trkpt>
      <trkpt lat="45.82297" lon="6.73826">
        <ele>1321.02</ele>
      </trkpt>
      <trkpt lat="45.82289" lon="6.73783">
        <ele>1317.12</ele>
      </trkpt>
      <trkpt lat="45.82287" lon="6.73757">
        <ele>1311.44</ele>
      </trkpt>
      <trkpt lat="45.82293" lon="6.73705">
        <ele>1296.84</ele>
      </trkpt>
      <trkpt lat="45.82295" lon="6.73675">
        <ele>1290.32</ele>
      </trkpt>
      <trkpt lat="45.82295" lon="6.73666">
        <ele>1288.43</ele>
      </trkpt>
      <trkpt lat="45.82292" lon="6.73641">
        <ele>1285.28</ele>
      </trkpt>
      <trkpt lat="45.82292" lon="6.73633">
        <ele>1283.7</ele>
      </trkpt>
      <trkpt lat="45.82301" lon="6.73593">
        <ele>1274.52</ele>
      </trkpt>
      <trkpt lat="45.82305" lon="6.73572">
        <ele>1270.83</ele>
      </trkpt>
      <trkpt lat="45.82304" lon="6.73563">
        <ele>1269.93</ele>
      </trkpt>
      <trkpt lat="45.82304" lon="6.73547">
        <ele>1267.59</ele>
      </trkpt>
      <trkpt lat="45.82306" lon="6.73525">
        <ele>1263.3</ele>
      </trkpt>
      <trkpt lat="45.82309" lon="6.73506">
        <ele>1258.61</ele>
      </trkpt>
      <trkpt lat="45.82302" lon="6.73488">
        <ele>1256.16</ele>
      </trkpt>
      <trkpt lat="45.82287" lon="6.73476">
        <ele>1256.5</ele>
      </trkpt>
      <trkpt lat="45.82284" lon="6.73471">
        <ele>1256.14</ele>
      </trkpt>
      <trkpt lat="45.82283" lon="6.73464">
        <ele>1255.2</ele>
      </trkpt>
      <trkpt lat="45.82283" lon="6.73456">
        <ele>1253.99</ele>
      </trkpt>
      <trkpt lat="45.82286" lon="6.73443">
        <ele>1251.57</ele>
      </trkpt>
      <trkpt lat="45.82283" lon="6.73436">
        <ele>1250.79</ele>
      </trkpt>
      <trkpt lat="45.8228" lon="6.73414">
        <ele>1247.38</ele>
      </trkpt>
      <trkpt lat="45.82272" lon="6.73318">
        <ele>1234.99</ele>
      </trkpt>
      <trkpt lat="45.82259" lon="6.73316">
        <ele>1235.01</ele>
      </trkpt>
      <trkpt lat="45.82257" lon="6.73306">
        <ele>1234.04</ele>
      </trkpt>
      <trkpt lat="45.82252" lon="6.73263">
        <ele>1228.86</ele>
      </trkpt>
      <trkpt lat="45.82249" lon="6.73246">
        <ele>1227.32</ele>
      </trkpt>
      <trkpt lat="45.82244" lon="6.73206">
        <ele>1220.77</ele>
      </trkpt>
      <trkpt lat="45.82242" lon="6.73185">
        <ele>1216.67</ele>
      </trkpt>
      <trkpt lat="45.82241" lon="6.73177">
        <ele>1214.91</ele>
      </trkpt>
      <trkpt lat="45.82238" lon="6.73172">
        <ele>1213.72</ele>
      </trkpt>
      <trkpt lat="45.82222" lon="6.73152">
        <ele>1209.88</ele>
      </trkpt>
      <trkpt lat="45.82211" lon="6.73144">
        <ele>1208.33</ele>
      </trkpt>
      <trkpt lat="45.82201" lon="6.73126">
        <ele>1206.91</ele>
      </trkpt>
      <trkpt lat="45.82188" lon="6.73099">
        <ele>1207.61</ele>
      </trkpt>
      <trkpt lat="45.82176" lon="6.73067">
        <ele>1201.28</ele>
      </trkpt>
      <trkpt lat="45.82176" lon="6.73057">
        <ele>1199.0</ele>
      </trkpt>
      <trkpt lat="45.82177" lon="6.7305">
        <ele>1197.92</ele>
      </trkpt>
      <trkpt lat="45.82181" lon="6.7304">
        <ele>1196.49</ele>
      </trkpt>
      <trkpt lat="45.82174" lon="6.7303">
        <ele>1195.04</ele>
      </trkpt>
      <trkpt lat="45.82164" lon="6.73018">
        <ele>1193.52</ele>
      </trkpt>
      <trkpt lat="45.82158" lon="6.73013">
        <ele>1192.35</ele>
      </trkpt>
      <trkpt lat="45.82149" lon="6.73013">
        <ele>1191.82</ele>
      </trkpt>
      <trkpt lat="45.82125" lon="6.73026">
        <ele>1191.62</ele>
      </trkpt>
      <trkpt lat="45.82118" lon="6.73034">
        <ele>1190.88</ele>
      </trkpt>
      <trkpt lat="45.82109" lon="6.73041">
        <ele>1190.23</ele>
      </trkpt>
      <trkpt lat="45.82103" lon="6.73044">
        <ele>1190.29</ele>
      </trkpt>
      <trkpt lat="45.82099" lon="6.73044">
        <ele>1189.97</ele>
      </trkpt>
      <trkpt lat="45.82095" lon="6.73039">
        <ele>1188.97</ele>
      </trkpt>
      <trkpt lat="45.82094" lon="6.73032">
        <ele>1187.96</ele>
      </trkpt>
      <trkpt lat="45.82083" lon="6.7303">
        <ele>1187.25</ele>
      </trkpt>
      <trkpt lat="45.82069" lon="6.73008">
        <ele>1184.67</ele>
      </trkpt>
      <trkpt lat="45.82057" lon="6.72986">
        <ele>1181.45</ele>
      </trkpt>
    </trkseg>
  </trk>
</gpx>
